group,tier,help,item1,item1_qty,item2,item2_qty,item3,item3_qty,item4,item4_qty,item5,item5_qty
111,2,1성 전사 불 2티어,60410003,2,60410002,2,0,0,0,0,0,0
112,2,1성 전사 물 2티어,60410002,2,60410003,2,0,0,0,0,0,0
113,2,1성 전사 풀 2티어,60410001,2,60410002,2,0,0,0,0,0,0
114,2,1성 전사 빛 2티어,60410003,2,60410002,2,0,0,0,0,0,0
115,2,1성 전사 암 2티어,60410003,2,60410001,2,0,0,0,0,0,0
121,2,1성 팔라딘 불 2티어,60410002,2,60410004,2,0,0,0,0,0,0
122,2,1성 팔라딘 물 2티어,60410005,2,60410001,2,0,0,0,0,0,0
123,2,1성 팔라딘 풀 2티어,60410005,2,60410001,2,0,0,0,0,0,0
124,2,1성 팔라딘 빛 2티어,60410003,2,60410005,2,0,0,0,0,0,0
125,2,1성 팔라딘 암 2티어,60410003,2,60410005,2,0,0,0,0,0,0
131,2,1성 헌터 불 2티어,60410003,2,60410002,2,0,0,0,0,0,0
132,2,1성 헌터 물 2티어,60410004,2,60410005,2,0,0,0,0,0,0
133,2,1성 헌터 풀 2티어,60410002,2,60410001,2,0,0,0,0,0,0
134,2,1성 헌터 빛 2티어,60410003,2,60410005,2,0,0,0,0,0,0
135,2,1성 헌터 암 2티어,60410004,2,60410005,2,0,0,0,0,0,0
141,2,1성 마법사 불 2티어,60410005,2,60410002,2,0,0,0,0,0,0
142,2,1성 마법사 물 2티어,60410001,2,60410005,2,0,0,0,0,0,0
143,2,1성 마법사 풀 2티어,60410003,2,60410005,2,0,0,0,0,0,0
144,2,1성 마법사 빛 2티어,60410005,2,60410001,2,0,0,0,0,0,0
145,2,1성 마법사 암 2티어,60410005,2,60410004,2,0,0,0,0,0,0
151,2,1성 사제 불 2티어,60410001,2,60410003,2,0,0,0,0,0,0
152,2,1성 사제 물 2티어,60410004,2,60410001,2,0,0,0,0,0,0
153,2,1성 사제 풀 2티어,60410003,2,60410002,2,0,0,0,0,0,0
154,2,1성 사제 빛 2티어,60410002,2,60410001,2,0,0,0,0,0,0
155,2,1성 사제 암 2티어,60410001,2,60410002,2,0,0,0,0,0,0
161,2,1성 로그 불 2티어,60410001,2,60410002,2,0,0,0,0,0,0
162,2,1성 로그 물 2티어,60410004,2,60410005,2,0,0,0,0,0,0
163,2,1성 로그 풀 2티어,60410003,2,60410005,2,0,0,0,0,0,0
164,2,1성 로그 빛 2티어,60410002,2,60410005,2,0,0,0,0,0,0
165,2,1성 로그 암 2티어,60410004,2,60410003,2,0,0,0,0,0,0
111,3,1성 전사 불 3티어,60410004,2,60410003,2,60420005,2,0,0,0,0
112,3,1성 전사 물 3티어,60410003,2,60410001,2,60420004,2,0,0,0,0
113,3,1성 전사 풀 3티어,60410004,2,60410005,2,60420002,2,0,0,0,0
114,3,1성 전사 빛 3티어,60410002,2,60410003,2,60420005,2,0,0,0,0
115,3,1성 전사 암 3티어,60410003,2,60410001,2,60420003,2,0,0,0,0
121,3,1성 팔라딘 불 3티어,60410004,2,60410005,2,60420003,2,0,0,0,0
122,3,1성 팔라딘 물 3티어,60410001,2,60410002,2,60420006,2,0,0,0,0
123,3,1성 팔라딘 풀 3티어,60410005,2,60410001,2,60420006,2,0,0,0,0
124,3,1성 팔라딘 빛 3티어,60410004,2,60410003,2,60420006,2,0,0,0,0
125,3,1성 팔라딘 암 3티어,60410001,2,60410003,2,60420005,2,0,0,0,0
131,3,1성 헌터 불 3티어,60410002,2,60410004,2,60420001,2,0,0,0,0
132,3,1성 헌터 물 3티어,60410004,2,60410005,2,60420003,2,0,0,0,0
133,3,1성 헌터 풀 3티어,60410001,2,60410002,2,60420001,2,0,0,0,0
134,3,1성 헌터 빛 3티어,60410001,2,60410002,2,60420006,2,0,0,0,0
135,3,1성 헌터 암 3티어,60410002,2,60410003,2,60420005,2,0,0,0,0
141,3,1성 마법사 불 3티어,60410001,2,60410005,2,60420002,2,0,0,0,0
142,3,1성 마법사 물 3티어,60410001,2,60410005,2,60420004,2,0,0,0,0
143,3,1성 마법사 풀 3티어,60410003,2,60410001,2,60420002,2,0,0,0,0
144,3,1성 마법사 빛 3티어,60410004,2,60410002,2,60420003,2,0,0,0,0
145,3,1성 마법사 암 3티어,60410002,2,60410005,2,60420006,2,0,0,0,0
151,3,1성 사제 불 3티어,60410002,2,60410005,2,60420002,2,0,0,0,0
152,3,1성 사제 물 3티어,60410001,2,60410002,2,60420001,2,0,0,0,0
153,3,1성 사제 풀 3티어,60410002,2,60410001,2,60420002,2,0,0,0,0
154,3,1성 사제 빛 3티어,60410002,2,60410001,2,60420006,2,0,0,0,0
155,3,1성 사제 암 3티어,60410004,2,60410003,2,60420001,2,0,0,0,0
161,3,1성 로그 불 3티어,60410004,2,60410002,2,60420005,2,0,0,0,0
162,3,1성 로그 물 3티어,60410001,2,60410003,2,60420005,2,0,0,0,0
163,3,1성 로그 풀 3티어,60410004,2,60410003,2,60420001,2,0,0,0,0
164,3,1성 로그 빛 3티어,60410003,2,60410005,2,60420006,2,0,0,0,0
165,3,1성 로그 암 3티어,60410003,2,60410004,2,60420001,2,0,0,0,0
111,4,1성 전사 불 4티어,60410004,2,60410005,2,60420003,2,60430005,2,0,0
112,4,1성 전사 물 4티어,60410002,2,60410003,2,60420004,2,60430001,2,0,0
113,4,1성 전사 풀 4티어,60410001,2,60410005,2,60420001,2,60430003,2,0,0
114,4,1성 전사 빛 4티어,60410001,2,60410003,2,60420003,2,60430007,2,0,0
115,4,1성 전사 암 4티어,60410005,2,60410003,2,60420003,2,60430003,2,0,0
121,4,1성 팔라딘 불 4티어,60410005,2,60410002,2,60420003,2,60430001,2,0,0
122,4,1성 팔라딘 물 4티어,60410003,2,60410002,2,60420001,2,60430002,2,0,0
123,4,1성 팔라딘 풀 4티어,60410005,2,60410003,2,60420002,2,60430005,2,0,0
124,4,1성 팔라딘 빛 4티어,60410001,2,60410005,2,60420002,2,60430002,2,0,0
125,4,1성 팔라딘 암 4티어,60410004,2,60410005,2,60420006,2,60430001,2,0,0
131,4,1성 헌터 불 4티어,60410001,2,60410002,2,60420005,2,60430006,2,0,0
132,4,1성 헌터 물 4티어,60410003,2,60410005,2,60420004,2,60430001,2,0,0
133,4,1성 헌터 풀 4티어,60410004,2,60410005,2,60420002,2,60430002,2,0,0
134,4,1성 헌터 빛 4티어,60410001,2,60410004,2,60420002,2,60430002,2,0,0
135,4,1성 헌터 암 4티어,60410005,2,60410001,2,60420004,2,60430006,2,0,0
141,4,1성 마법사 불 4티어,60410002,2,60410004,2,60420001,2,60430001,2,0,0
142,4,1성 마법사 물 4티어,60410004,2,60410001,2,60420003,2,60430002,2,0,0
143,4,1성 마법사 풀 4티어,60410003,2,60410002,2,60420003,2,60430006,2,0,0
144,4,1성 마법사 빛 4티어,60410004,2,60410001,2,60420005,2,60430001,2,0,0
145,4,1성 마법사 암 4티어,60410004,2,60410001,2,60420002,2,60430001,2,0,0
151,4,1성 사제 불 4티어,60410002,2,60410001,2,60420006,2,60430001,2,0,0
152,4,1성 사제 물 4티어,60410005,2,60410004,2,60420006,2,60430007,2,0,0
153,4,1성 사제 풀 4티어,60410001,2,60410005,2,60420004,2,60430006,2,0,0
154,4,1성 사제 빛 4티어,60410001,2,60410005,2,60420002,2,60430001,2,0,0
155,4,1성 사제 암 4티어,60410002,2,60410003,2,60420003,2,60430002,2,0,0
161,4,1성 로그 불 4티어,60410003,2,60410002,2,60420005,2,60430004,2,0,0
162,4,1성 로그 물 4티어,60410003,2,60410004,2,60420005,2,60430003,2,0,0
163,4,1성 로그 풀 4티어,60410005,2,60410004,2,60420006,2,60430006,2,0,0
164,4,1성 로그 빛 4티어,60410001,2,60410004,2,60420004,2,60430007,2,0,0
165,4,1성 로그 암 4티어,60410001,2,60410002,2,60420002,2,60430005,2,0,0
111,5,1성 전사 불 5티어,60410003,2,60410001,2,60420001,2,60430004,2,60440006,2
112,5,1성 전사 물 5티어,60410005,2,60410004,2,60420003,2,60430007,2,60440002,2
113,5,1성 전사 풀 5티어,60410004,2,60410005,2,60420001,2,60430006,2,60440003,2
114,5,1성 전사 빛 5티어,60410001,2,60410002,2,60420001,2,60430005,2,60440004,2
115,5,1성 전사 암 5티어,60410001,2,60410004,2,60420001,2,60430002,2,60440002,2
121,5,1성 팔라딘 불 5티어,60410002,2,60410005,2,60420001,2,60430005,2,60440004,2
122,5,1성 팔라딘 물 5티어,60410001,2,60410003,2,60420001,2,60430004,2,60440003,2
123,5,1성 팔라딘 풀 5티어,60410002,2,60410005,2,60420005,2,60430003,2,60440001,2
124,5,1성 팔라딘 빛 5티어,60410003,2,60410004,2,60420005,2,60430005,2,60440002,2
125,5,1성 팔라딘 암 5티어,60410005,2,60410004,2,60420003,2,60430007,2,60440006,2
131,5,1성 헌터 불 5티어,60410003,2,60410004,2,60420001,2,60430006,2,60440007,2
132,5,1성 헌터 물 5티어,60410004,2,60410001,2,60420006,2,60430005,2,60440004,2
133,5,1성 헌터 풀 5티어,60410001,2,60410005,2,60420002,2,60430004,2,60440006,2
134,5,1성 헌터 빛 5티어,60410003,2,60410005,2,60420002,2,60430001,2,60440006,2
135,5,1성 헌터 암 5티어,60410001,2,60410002,2,60420001,2,60430003,2,60440005,2
141,5,1성 마법사 불 5티어,60410004,2,60410005,2,60420002,2,60430002,2,60440006,2
142,5,1성 마법사 물 5티어,60410001,2,60410002,2,60420001,2,60430004,2,60440004,2
143,5,1성 마법사 풀 5티어,60410002,2,60410001,2,60420004,2,60430001,2,60440007,2
144,5,1성 마법사 빛 5티어,60410001,2,60410003,2,60420002,2,60430006,2,60440002,2
145,5,1성 마법사 암 5티어,60410005,2,60410001,2,60420001,2,60430003,2,60440002,2
151,5,1성 사제 불 5티어,60410004,2,60410002,2,60420001,2,60430007,2,60440007,2
152,5,1성 사제 물 5티어,60410004,2,60410002,2,60420003,2,60430004,2,60440004,2
153,5,1성 사제 풀 5티어,60410001,2,60410004,2,60420002,2,60430001,2,60440003,2
154,5,1성 사제 빛 5티어,60410001,2,60410004,2,60420005,2,60430004,2,60440004,2
155,5,1성 사제 암 5티어,60410004,2,60410005,2,60420001,2,60430003,2,60440002,2
161,5,1성 로그 불 5티어,60410001,2,60410004,2,60420005,2,60430002,2,60440003,2
162,5,1성 로그 물 5티어,60410003,2,60410002,2,60420006,2,60430006,2,60440007,2
163,5,1성 로그 풀 5티어,60410002,2,60410004,2,60420003,2,60430005,2,60440005,2
164,5,1성 로그 빛 5티어,60410002,2,60410005,2,60420004,2,60430007,2,60440003,2
165,5,1성 로그 암 5티어,60410003,2,60410002,2,60420003,2,60430007,2,60440003,2
211,2,2성 전사 불 2티어,60410002,2,60420002,2,0,0,0,0,0,0
212,2,2성 전사 물 2티어,60410005,2,60420001,2,0,0,0,0,0,0
213,2,2성 전사 풀 2티어,60410005,2,60420003,2,0,0,0,0,0,0
214,2,2성 전사 빛 2티어,60410005,2,60420004,2,0,0,0,0,0,0
215,2,2성 전사 암 2티어,60410001,2,60420003,2,0,0,0,0,0,0
221,2,2성 팔라딘 불 2티어,60410001,2,60420005,2,0,0,0,0,0,0
222,2,2성 팔라딘 물 2티어,60410001,2,60420006,2,0,0,0,0,0,0
223,2,2성 팔라딘 풀 2티어,60410004,2,60420002,2,0,0,0,0,0,0
224,2,2성 팔라딘 빛 2티어,60410005,2,60420002,2,0,0,0,0,0,0
225,2,2성 팔라딘 암 2티어,60410002,2,60420002,2,0,0,0,0,0,0
231,2,2성 헌터 불 2티어,60410002,2,60420002,2,0,0,0,0,0,0
232,2,2성 헌터 물 2티어,60410005,2,60420003,2,0,0,0,0,0,0
233,2,2성 헌터 풀 2티어,60410003,2,60420005,2,0,0,0,0,0,0
234,2,2성 헌터 빛 2티어,60410002,2,60420002,2,0,0,0,0,0,0
235,2,2성 헌터 암 2티어,60410002,2,60420004,2,0,0,0,0,0,0
241,2,2성 마법사 불 2티어,60410004,2,60420006,2,0,0,0,0,0,0
242,2,2성 마법사 물 2티어,60410005,2,60420001,2,0,0,0,0,0,0
243,2,2성 마법사 풀 2티어,60410005,2,60420006,2,0,0,0,0,0,0
244,2,2성 마법사 빛 2티어,60410003,2,60420005,2,0,0,0,0,0,0
245,2,2성 마법사 암 2티어,60410002,2,60420001,2,0,0,0,0,0,0
251,2,2성 사제 불 2티어,60410002,2,60420006,2,0,0,0,0,0,0
252,2,2성 사제 물 2티어,60410005,2,60420005,2,0,0,0,0,0,0
253,2,2성 사제 풀 2티어,60410005,2,60420005,2,0,0,0,0,0,0
254,2,2성 사제 빛 2티어,60410003,2,60420005,2,0,0,0,0,0,0
255,2,2성 사제 암 2티어,60410001,2,60420002,2,0,0,0,0,0,0
261,2,2성 로그 불 2티어,60410002,2,60420005,2,0,0,0,0,0,0
262,2,2성 로그 물 2티어,60410004,2,60420002,2,0,0,0,0,0,0
263,2,2성 로그 풀 2티어,60410001,2,60420001,2,0,0,0,0,0,0
264,2,2성 로그 빛 2티어,60410003,2,60420003,2,0,0,0,0,0,0
265,2,2성 로그 암 2티어,60410001,2,60420001,2,0,0,0,0,0,0
211,3,2성 전사 불 3티어,60410002,2,60420006,2,60430007,2,0,0,0,0
212,3,2성 전사 물 3티어,60410001,2,60420003,2,60430003,2,0,0,0,0
213,3,2성 전사 풀 3티어,60410005,2,60420003,2,60430005,2,0,0,0,0
214,3,2성 전사 빛 3티어,60410005,2,60420004,2,60430001,2,0,0,0,0
215,3,2성 전사 암 3티어,60410002,2,60420001,2,60430005,2,0,0,0,0
221,3,2성 팔라딘 불 3티어,60410003,2,60420003,2,60430002,2,0,0,0,0
222,3,2성 팔라딘 물 3티어,60410004,2,60420005,2,60430004,2,0,0,0,0
223,3,2성 팔라딘 풀 3티어,60410002,2,60420004,2,60430001,2,0,0,0,0
224,3,2성 팔라딘 빛 3티어,60410001,2,60420005,2,60430004,2,0,0,0,0
225,3,2성 팔라딘 암 3티어,60410005,2,60420005,2,60430004,2,0,0,0,0
231,3,2성 헌터 불 3티어,60410005,2,60420003,2,60430007,2,0,0,0,0
232,3,2성 헌터 물 3티어,60410005,2,60420003,2,60430004,2,0,0,0,0
233,3,2성 헌터 풀 3티어,60410001,2,60420005,2,60430007,2,0,0,0,0
234,3,2성 헌터 빛 3티어,60410003,2,60420001,2,60430006,2,0,0,0,0
235,3,2성 헌터 암 3티어,60410001,2,60420003,2,60430006,2,0,0,0,0
241,3,2성 마법사 불 3티어,60410001,2,60420005,2,60430004,2,0,0,0,0
242,3,2성 마법사 물 3티어,60410005,2,60420002,2,60430005,2,0,0,0,0
243,3,2성 마법사 풀 3티어,60410002,2,60420002,2,60430004,2,0,0,0,0
244,3,2성 마법사 빛 3티어,60410005,2,60420001,2,60430001,2,0,0,0,0
245,3,2성 마법사 암 3티어,60410004,2,60420003,2,60430006,2,0,0,0,0
251,3,2성 사제 불 3티어,60410005,2,60420005,2,60430007,2,0,0,0,0
252,3,2성 사제 물 3티어,60410004,2,60420003,2,60430002,2,0,0,0,0
253,3,2성 사제 풀 3티어,60410001,2,60420003,2,60430004,2,0,0,0,0
254,3,2성 사제 빛 3티어,60410005,2,60420004,2,60430003,2,0,0,0,0
255,3,2성 사제 암 3티어,60410001,2,60420001,2,60430006,2,0,0,0,0
261,3,2성 로그 불 3티어,60410002,2,60420004,2,60430007,2,0,0,0,0
262,3,2성 로그 물 3티어,60410005,2,60420004,2,60430003,2,0,0,0,0
263,3,2성 로그 풀 3티어,60410004,2,60420005,2,60430002,2,0,0,0,0
264,3,2성 로그 빛 3티어,60410005,2,60420004,2,60430002,2,0,0,0,0
265,3,2성 로그 암 3티어,60410005,2,60420005,2,60430004,2,0,0,0,0
211,4,2성 전사 불 4티어,60410002,2,60420001,2,60430005,2,60440003,2,0,0
212,4,2성 전사 물 4티어,60410003,2,60420002,2,60430004,2,60440006,2,0,0
213,4,2성 전사 풀 4티어,60410001,2,60420001,2,60430003,2,60440006,2,0,0
214,4,2성 전사 빛 4티어,60410002,2,60420005,2,60430001,2,60440001,2,0,0
215,4,2성 전사 암 4티어,60410005,2,60420002,2,60430003,2,60440002,2,0,0
221,4,2성 팔라딘 불 4티어,60410001,2,60420006,2,60430001,2,60440004,2,0,0
222,4,2성 팔라딘 물 4티어,60410001,2,60420001,2,60430002,2,60440001,2,0,0
223,4,2성 팔라딘 풀 4티어,60410003,2,60420006,2,60430005,2,60440006,2,0,0
224,4,2성 팔라딘 빛 4티어,60410003,2,60420002,2,60430005,2,60440005,2,0,0
225,4,2성 팔라딘 암 4티어,60410001,2,60420004,2,60430002,2,60440007,2,0,0
231,4,2성 헌터 불 4티어,60410002,2,60420003,2,60430007,2,60440006,2,0,0
232,4,2성 헌터 물 4티어,60410001,2,60420003,2,60430007,2,60440004,2,0,0
233,4,2성 헌터 풀 4티어,60410002,2,60420005,2,60430001,2,60440002,2,0,0
234,4,2성 헌터 빛 4티어,60410001,2,60420004,2,60430004,2,60440005,2,0,0
235,4,2성 헌터 암 4티어,60410002,2,60420001,2,60430005,2,60440001,2,0,0
241,4,2성 마법사 불 4티어,60410003,2,60420003,2,60430002,2,60440001,2,0,0
242,4,2성 마법사 물 4티어,60410003,2,60420006,2,60430003,2,60440001,2,0,0
243,4,2성 마법사 풀 4티어,60410001,2,60420003,2,60430003,2,60440003,2,0,0
244,4,2성 마법사 빛 4티어,60410002,2,60420003,2,60430001,2,60440002,2,0,0
245,4,2성 마법사 암 4티어,60410001,2,60420004,2,60430007,2,60440002,2,0,0
251,4,2성 사제 불 4티어,60410004,2,60420006,2,60430005,2,60440005,2,0,0
252,4,2성 사제 물 4티어,60410002,2,60420001,2,60430001,2,60440004,2,0,0
253,4,2성 사제 풀 4티어,60410002,2,60420004,2,60430006,2,60440006,2,0,0
254,4,2성 사제 빛 4티어,60410003,2,60420002,2,60430003,2,60440002,2,0,0
255,4,2성 사제 암 4티어,60410002,2,60420005,2,60430005,2,60440001,2,0,0
261,4,2성 로그 불 4티어,60410002,2,60420002,2,60430002,2,60440006,2,0,0
262,4,2성 로그 물 4티어,60410005,2,60420005,2,60430004,2,60440006,2,0,0
263,4,2성 로그 풀 4티어,60410003,2,60420001,2,60430004,2,60440004,2,0,0
264,4,2성 로그 빛 4티어,60410003,2,60420004,2,60430004,2,60440001,2,0,0
265,4,2성 로그 암 4티어,60410002,2,60420002,2,60430007,2,60440003,2,0,0
211,5,2성 전사 불 5티어,60410005,2,60420004,2,60430001,2,60440004,2,60450005,2
212,5,2성 전사 물 5티어,60410005,2,60420002,2,60430005,2,60440001,2,60450001,2
213,5,2성 전사 풀 5티어,60410003,2,60420005,2,60430005,2,60440001,2,60450001,2
214,5,2성 전사 빛 5티어,60410005,2,60420006,2,60430006,2,60440002,2,60450001,2
215,5,2성 전사 암 5티어,60410001,2,60420001,2,60430007,2,60440005,2,60450002,2
221,5,2성 팔라딘 불 5티어,60410001,2,60420004,2,60430004,2,60440005,2,60450002,2
222,5,2성 팔라딘 물 5티어,60410004,2,60420003,2,60430002,2,60440003,2,60450002,2
223,5,2성 팔라딘 풀 5티어,60410003,2,60420004,2,60430003,2,60440003,2,60450003,2
224,5,2성 팔라딘 빛 5티어,60410002,2,60420003,2,60430004,2,60440007,2,60450005,2
225,5,2성 팔라딘 암 5티어,60410002,2,60420003,2,60430004,2,60440005,2,60450007,2
231,5,2성 헌터 불 5티어,60410002,2,60420004,2,60430003,2,60440006,2,60450002,2
232,5,2성 헌터 물 5티어,60410004,2,60420001,2,60430003,2,60440003,2,60450007,2
233,5,2성 헌터 풀 5티어,60410005,2,60420006,2,60430003,2,60440004,2,60450003,2
234,5,2성 헌터 빛 5티어,60410005,2,60420002,2,60430007,2,60440002,2,60450001,2
235,5,2성 헌터 암 5티어,60410004,2,60420004,2,60430003,2,60440003,2,60450007,2
241,5,2성 마법사 불 5티어,60410002,2,60420003,2,60430002,2,60440007,2,60450002,2
242,5,2성 마법사 물 5티어,60410003,2,60420001,2,60430003,2,60440006,2,60450004,2
243,5,2성 마법사 풀 5티어,60410005,2,60420005,2,60430002,2,60440004,2,60450007,2
244,5,2성 마법사 빛 5티어,60410005,2,60420003,2,60430004,2,60440007,2,60450004,2
245,5,2성 마법사 암 5티어,60410003,2,60420001,2,60430005,2,60440005,2,60450004,2
251,5,2성 사제 불 5티어,60410002,2,60420003,2,60430005,2,60440004,2,60450007,2
252,5,2성 사제 물 5티어,60410004,2,60420001,2,60430002,2,60440007,2,60450005,2
253,5,2성 사제 풀 5티어,60410005,2,60420006,2,60430001,2,60440002,2,60450002,2
254,5,2성 사제 빛 5티어,60410002,2,60420003,2,60430003,2,60440003,2,60450006,2
255,5,2성 사제 암 5티어,60410004,2,60420001,2,60430007,2,60440002,2,60450002,2
261,5,2성 로그 불 5티어,60410003,2,60420004,2,60430005,2,60440003,2,60450005,2
262,5,2성 로그 물 5티어,60410001,2,60420004,2,60430003,2,60440002,2,60450007,2
263,5,2성 로그 풀 5티어,60410005,2,60420004,2,60430006,2,60440004,2,60450005,2
264,5,2성 로그 빛 5티어,60410001,2,60420004,2,60430001,2,60440004,2,60450006,2
265,5,2성 로그 암 5티어,60410001,2,60420001,2,60430005,2,60440004,2,60450005,2
311,2,3성 전사 불 2티어,60420005,2,60420001,2,0,0,0,0,0,0
312,2,3성 전사 물 2티어,60420002,2,60420004,2,0,0,0,0,0,0
313,2,3성 전사 풀 2티어,60420006,2,60420005,2,0,0,0,0,0,0
314,2,3성 전사 빛 2티어,60420002,2,60420004,2,0,0,0,0,0,0
315,2,3성 전사 암 2티어,60420002,2,60420004,2,0,0,0,0,0,0
321,2,3성 팔라딘 불 2티어,60420005,2,60420006,2,0,0,0,0,0,0
322,2,3성 팔라딘 물 2티어,60420005,2,60420002,2,0,0,0,0,0,0
323,2,3성 팔라딘 풀 2티어,60420002,2,60420001,2,0,0,0,0,0,0
324,2,3성 팔라딘 빛 2티어,60420001,2,60420006,2,0,0,0,0,0,0
325,2,3성 팔라딘 암 2티어,60420001,2,60420002,2,0,0,0,0,0,0
331,2,3성 헌터 불 2티어,60420003,2,60420004,2,0,0,0,0,0,0
332,2,3성 헌터 물 2티어,60420002,2,60420003,2,0,0,0,0,0,0
333,2,3성 헌터 풀 2티어,60420002,2,60420001,2,0,0,0,0,0,0
334,2,3성 헌터 빛 2티어,60420001,2,60420005,2,0,0,0,0,0,0
335,2,3성 헌터 암 2티어,60420002,2,60420005,2,0,0,0,0,0,0
341,2,3성 마법사 불 2티어,60420003,2,60420004,2,0,0,0,0,0,0
342,2,3성 마법사 물 2티어,60420005,2,60420001,2,0,0,0,0,0,0
343,2,3성 마법사 풀 2티어,60420006,2,60420005,2,0,0,0,0,0,0
344,2,3성 마법사 빛 2티어,60420001,2,60420003,2,0,0,0,0,0,0
345,2,3성 마법사 암 2티어,60420001,2,60420003,2,0,0,0,0,0,0
351,2,3성 사제 불 2티어,60420002,2,60420005,2,0,0,0,0,0,0
352,2,3성 사제 물 2티어,60420003,2,60420005,2,0,0,0,0,0,0
353,2,3성 사제 풀 2티어,60420001,2,60420004,2,0,0,0,0,0,0
354,2,3성 사제 빛 2티어,60420006,2,60420005,2,0,0,0,0,0,0
355,2,3성 사제 암 2티어,60420001,2,60420002,2,0,0,0,0,0,0
361,2,3성 로그 불 2티어,60420003,2,60420004,2,0,0,0,0,0,0
362,2,3성 로그 물 2티어,60420002,2,60420003,2,0,0,0,0,0,0
363,2,3성 로그 풀 2티어,60420004,2,60420001,2,0,0,0,0,0,0
364,2,3성 로그 빛 2티어,60420001,2,60420003,2,0,0,0,0,0,0
365,2,3성 로그 암 2티어,60420005,2,60420004,2,0,0,0,0,0,0
311,3,3성 전사 불 3티어,60420005,2,60420001,2,60430005,2,0,0,0,0
312,3,3성 전사 물 3티어,60420003,2,60420001,2,60430007,2,0,0,0,0
313,3,3성 전사 풀 3티어,60420005,2,60420003,2,60430007,2,0,0,0,0
314,3,3성 전사 빛 3티어,60420006,2,60420005,2,60430006,2,0,0,0,0
315,3,3성 전사 암 3티어,60420003,2,60420006,2,60430005,2,0,0,0,0
321,3,3성 팔라딘 불 3티어,60420005,2,60420006,2,60430003,2,0,0,0,0
322,3,3성 팔라딘 물 3티어,60420004,2,60420006,2,60430006,2,0,0,0,0
323,3,3성 팔라딘 풀 3티어,60420006,2,60420001,2,60430002,2,0,0,0,0
324,3,3성 팔라딘 빛 3티어,60420006,2,60420004,2,60430004,2,0,0,0,0
325,3,3성 팔라딘 암 3티어,60420001,2,60420003,2,60430007,2,0,0,0,0
331,3,3성 헌터 불 3티어,60420005,2,60420002,2,60430006,2,0,0,0,0
332,3,3성 헌터 물 3티어,60420004,2,60420005,2,60430007,2,0,0,0,0
333,3,3성 헌터 풀 3티어,60420003,2,60420006,2,60430002,2,0,0,0,0
334,3,3성 헌터 빛 3티어,60420005,2,60420004,2,60430004,2,0,0,0,0
335,3,3성 헌터 암 3티어,60420002,2,60420004,2,60430002,2,0,0,0,0
341,3,3성 마법사 불 3티어,60420004,2,60420002,2,60430003,2,0,0,0,0
342,3,3성 마법사 물 3티어,60420003,2,60420004,2,60430003,2,0,0,0,0
343,3,3성 마법사 풀 3티어,60420005,2,60420006,2,60430005,2,0,0,0,0
344,3,3성 마법사 빛 3티어,60420003,2,60420006,2,60430001,2,0,0,0,0
345,3,3성 마법사 암 3티어,60420002,2,60420006,2,60430002,2,0,0,0,0
351,3,3성 사제 불 3티어,60420004,2,60420002,2,60430007,2,0,0,0,0
352,3,3성 사제 물 3티어,60420005,2,60420006,2,60430003,2,0,0,0,0
353,3,3성 사제 풀 3티어,60420005,2,60420006,2,60430007,2,0,0,0,0
354,3,3성 사제 빛 3티어,60420004,2,60420001,2,60430003,2,0,0,0,0
355,3,3성 사제 암 3티어,60420003,2,60420004,2,60430003,2,0,0,0,0
361,3,3성 로그 불 3티어,60420001,2,60420005,2,60430007,2,0,0,0,0
362,3,3성 로그 물 3티어,60420004,2,60420005,2,60430004,2,0,0,0,0
363,3,3성 로그 풀 3티어,60420004,2,60420005,2,60430001,2,0,0,0,0
364,3,3성 로그 빛 3티어,60420002,2,60420001,2,60430003,2,0,0,0,0
365,3,3성 로그 암 3티어,60420004,2,60420006,2,60430001,2,0,0,0,0
311,4,3성 전사 불 4티어,60420001,2,60420003,2,60430007,2,60440001,2,0,0
312,4,3성 전사 물 4티어,60420006,2,60420004,2,60430004,2,60440005,2,0,0
313,4,3성 전사 풀 4티어,60420001,2,60420003,2,60430006,2,60440001,2,0,0
314,4,3성 전사 빛 4티어,60420005,2,60420001,2,60430007,2,60440003,2,0,0
315,4,3성 전사 암 4티어,60420004,2,60420005,2,60430007,2,60440003,2,0,0
321,4,3성 팔라딘 불 4티어,60420002,2,60420003,2,60430004,2,60440007,2,0,0
322,4,3성 팔라딘 물 4티어,60420002,2,60420006,2,60430004,2,60440005,2,0,0
323,4,3성 팔라딘 풀 4티어,60420003,2,60420005,2,60430002,2,60440007,2,0,0
324,4,3성 팔라딘 빛 4티어,60420001,2,60420004,2,60430001,2,60440005,2,0,0
325,4,3성 팔라딘 암 4티어,60420006,2,60420002,2,60430001,2,60440004,2,0,0
331,4,3성 헌터 불 4티어,60420006,2,60420001,2,60430001,2,60440007,2,0,0
332,4,3성 헌터 물 4티어,60420001,2,60420003,2,60430005,2,60440007,2,0,0
333,4,3성 헌터 풀 4티어,60420002,2,60420001,2,60430001,2,60440001,2,0,0
334,4,3성 헌터 빛 4티어,60420006,2,60420005,2,60430007,2,60440005,2,0,0
335,4,3성 헌터 암 4티어,60420005,2,60420004,2,60430005,2,60440006,2,0,0
341,4,3성 마법사 불 4티어,60420004,2,60420003,2,60430002,2,60440007,2,0,0
342,4,3성 마법사 물 4티어,60420001,2,60420002,2,60430001,2,60440001,2,0,0
343,4,3성 마법사 풀 4티어,60420003,2,60420006,2,60430006,2,60440002,2,0,0
344,4,3성 마법사 빛 4티어,60420003,2,60420006,2,60430001,2,60440003,2,0,0
345,4,3성 마법사 암 4티어,60420002,2,60420005,2,60430002,2,60440005,2,0,0
351,4,3성 사제 불 4티어,60420005,2,60420006,2,60430001,2,60440001,2,0,0
352,4,3성 사제 물 4티어,60420003,2,60420005,2,60430001,2,60440006,2,0,0
353,4,3성 사제 풀 4티어,60420005,2,60420003,2,60430003,2,60440002,2,0,0
354,4,3성 사제 빛 4티어,60420005,2,60420006,2,60430005,2,60440004,2,0,0
355,4,3성 사제 암 4티어,60420003,2,60420001,2,60430001,2,60440004,2,0,0
361,4,3성 로그 불 4티어,60420003,2,60420001,2,60430007,2,60440004,2,0,0
362,4,3성 로그 물 4티어,60420002,2,60420003,2,60430003,2,60440001,2,0,0
363,4,3성 로그 풀 4티어,60420006,2,60420003,2,60430004,2,60440003,2,0,0
364,4,3성 로그 빛 4티어,60420003,2,60420004,2,60430007,2,60440003,2,0,0
365,4,3성 로그 암 4티어,60420002,2,60420005,2,60430007,2,60440001,2,0,0
311,5,3성 전사 불 5티어,60420002,2,60420004,2,60430002,2,60440003,2,60450007,2
312,5,3성 전사 물 5티어,60420001,2,60420005,2,60430001,2,60440001,2,60450003,2
313,5,3성 전사 풀 5티어,60420001,2,60420002,2,60430002,2,60440007,2,60450001,2
314,5,3성 전사 빛 5티어,60420001,2,60420003,2,60430004,2,60440007,2,60450001,2
315,5,3성 전사 암 5티어,60420002,2,60420003,2,60430001,2,60440001,2,60450002,2
321,5,3성 팔라딘 불 5티어,60420005,2,60420003,2,60430001,2,60440007,2,60450006,2
322,5,3성 팔라딘 물 5티어,60420004,2,60420003,2,60430003,2,60440007,2,60450001,2
323,5,3성 팔라딘 풀 5티어,60420001,2,60420002,2,60430004,2,60440001,2,60450004,2
324,5,3성 팔라딘 빛 5티어,60420004,2,60420006,2,60430003,2,60440001,2,60450005,2
325,5,3성 팔라딘 암 5티어,60420001,2,60420005,2,60430004,2,60440006,2,60450007,2
331,5,3성 헌터 불 5티어,60420003,2,60420006,2,60430005,2,60440007,2,60450003,2
332,5,3성 헌터 물 5티어,60420005,2,60420006,2,60430001,2,60440005,2,60450003,2
333,5,3성 헌터 풀 5티어,60420003,2,60420001,2,60430004,2,60440007,2,60450005,2
334,5,3성 헌터 빛 5티어,60420002,2,60420004,2,60430002,2,60440004,2,60450005,2
335,5,3성 헌터 암 5티어,60420002,2,60420003,2,60430001,2,60440001,2,60450004,2
341,5,3성 마법사 불 5티어,60420001,2,60420003,2,60430002,2,60440006,2,60450004,2
342,5,3성 마법사 물 5티어,60420002,2,60420001,2,60430005,2,60440002,2,60450007,2
343,5,3성 마법사 풀 5티어,60420002,2,60420001,2,60430004,2,60440005,2,60450007,2
344,5,3성 마법사 빛 5티어,60420004,2,60420006,2,60430007,2,60440003,2,60450001,2
345,5,3성 마법사 암 5티어,60420004,2,60420005,2,60430006,2,60440003,2,60450004,2
351,5,3성 사제 불 5티어,60420005,2,60420004,2,60430002,2,60440004,2,60450007,2
352,5,3성 사제 물 5티어,60420005,2,60420004,2,60430004,2,60440006,2,60450003,2
353,5,3성 사제 풀 5티어,60420002,2,60420004,2,60430005,2,60440003,2,60450003,2
354,5,3성 사제 빛 5티어,60420006,2,60420004,2,60430007,2,60440005,2,60450001,2
355,5,3성 사제 암 5티어,60420005,2,60420006,2,60430002,2,60440001,2,60450004,2
361,5,3성 로그 불 5티어,60420003,2,60420004,2,60430004,2,60440005,2,60450003,2
362,5,3성 로그 물 5티어,60420001,2,60420002,2,60430001,2,60440007,2,60450005,2
363,5,3성 로그 풀 5티어,60420006,2,60420005,2,60430006,2,60440002,2,60450007,2
364,5,3성 로그 빛 5티어,60420006,2,60420005,2,60430003,2,60440004,2,60450002,2
365,5,3성 로그 암 5티어,60420004,2,60420001,2,60430004,2,60440002,2,60450003,2
411,2,4성 전사 불 2티어,60420002,2,60430007,2,0,0,0,0,0,0
412,2,4성 전사 물 2티어,60420004,2,60430003,2,0,0,0,0,0,0
413,2,4성 전사 풀 2티어,60420006,2,60430004,2,0,0,0,0,0,0
414,2,4성 전사 빛 2티어,60420001,2,60430001,2,0,0,0,0,0,0
415,2,4성 전사 암 2티어,60420004,2,60430005,2,0,0,0,0,0,0
421,2,4성 팔라딘 불 2티어,60420005,2,60430006,2,0,0,0,0,0,0
422,2,4성 팔라딘 물 2티어,60420003,2,60430006,2,0,0,0,0,0,0
423,2,4성 팔라딘 풀 2티어,60420004,2,60430001,2,0,0,0,0,0,0
424,2,4성 팔라딘 빛 2티어,60420002,2,60430005,2,0,0,0,0,0,0
425,2,4성 팔라딘 암 2티어,60420004,2,60430001,2,0,0,0,0,0,0
431,2,4성 헌터 불 2티어,60420001,2,60430003,2,0,0,0,0,0,0
432,2,4성 헌터 물 2티어,60420005,2,60430001,2,0,0,0,0,0,0
433,2,4성 헌터 풀 2티어,60420004,2,60430006,2,0,0,0,0,0,0
434,2,4성 헌터 빛 2티어,60420005,2,60430003,2,0,0,0,0,0,0
435,2,4성 헌터 암 2티어,60420002,2,60430001,2,0,0,0,0,0,0
441,2,4성 마법사 불 2티어,60420006,2,60430007,2,0,0,0,0,0,0
442,2,4성 마법사 물 2티어,60420003,2,60430001,2,0,0,0,0,0,0
443,2,4성 마법사 풀 2티어,60420006,2,60430006,2,0,0,0,0,0,0
444,2,4성 마법사 빛 2티어,60420006,2,60430003,2,0,0,0,0,0,0
445,2,4성 마법사 암 2티어,60420006,2,60430001,2,0,0,0,0,0,0
451,2,4성 사제 불 2티어,60420002,2,60430003,2,0,0,0,0,0,0
452,2,4성 사제 물 2티어,60420005,2,60430001,2,0,0,0,0,0,0
453,2,4성 사제 풀 2티어,60420001,2,60430002,2,0,0,0,0,0,0
454,2,4성 사제 빛 2티어,60420005,2,60430005,2,0,0,0,0,0,0
455,2,4성 사제 암 2티어,60420001,2,60430003,2,0,0,0,0,0,0
461,2,4성 로그 불 2티어,60420003,2,60430007,2,0,0,0,0,0,0
462,2,4성 로그 물 2티어,60420003,2,60430005,2,0,0,0,0,0,0
463,2,4성 로그 풀 2티어,60420006,2,60430002,2,0,0,0,0,0,0
464,2,4성 로그 빛 2티어,60420006,2,60430006,2,0,0,0,0,0,0
465,2,4성 로그 암 2티어,60420001,2,60430004,2,0,0,0,0,0,0
411,3,4성 전사 불 3티어,60420006,2,60430004,2,60430005,2,0,0,0,0
412,3,4성 전사 물 3티어,60420001,2,60430004,2,60430007,2,0,0,0,0
413,3,4성 전사 풀 3티어,60420003,2,60430004,2,60430006,2,0,0,0,0
414,3,4성 전사 빛 3티어,60420005,2,60430007,2,60430004,2,0,0,0,0
415,3,4성 전사 암 3티어,60420003,2,60430004,2,60430006,2,0,0,0,0
421,3,4성 팔라딘 불 3티어,60420004,2,60430003,2,60430004,2,0,0,0,0
422,3,4성 팔라딘 물 3티어,60420004,2,60430005,2,60430002,2,0,0,0,0
423,3,4성 팔라딘 풀 3티어,60420006,2,60430007,2,60430006,2,0,0,0,0
424,3,4성 팔라딘 빛 3티어,60420004,2,60430003,2,60430002,2,0,0,0,0
425,3,4성 팔라딘 암 3티어,60420003,2,60430003,2,60430006,2,0,0,0,0
431,3,4성 헌터 불 3티어,60420006,2,60430003,2,60430001,2,0,0,0,0
432,3,4성 헌터 물 3티어,60420001,2,60430007,2,60430005,2,0,0,0,0
433,3,4성 헌터 풀 3티어,60420006,2,60430006,2,60430005,2,0,0,0,0
434,3,4성 헌터 빛 3티어,60420003,2,60430004,2,60430006,2,0,0,0,0
435,3,4성 헌터 암 3티어,60420005,2,60430003,2,60430005,2,0,0,0,0
441,3,4성 마법사 불 3티어,60420005,2,60430007,2,60430001,2,0,0,0,0
442,3,4성 마법사 물 3티어,60420001,2,60430002,2,60430003,2,0,0,0,0
443,3,4성 마법사 풀 3티어,60420005,2,60430001,2,60430004,2,0,0,0,0
444,3,4성 마법사 빛 3티어,60420001,2,60430004,2,60430006,2,0,0,0,0
445,3,4성 마법사 암 3티어,60420004,2,60430003,2,60430001,2,0,0,0,0
451,3,4성 사제 불 3티어,60420005,2,60430004,2,60430002,2,0,0,0,0
452,3,4성 사제 물 3티어,60420003,2,60430002,2,60430004,2,0,0,0,0
453,3,4성 사제 풀 3티어,60420004,2,60430002,2,60430004,2,0,0,0,0
454,3,4성 사제 빛 3티어,60420005,2,60430004,2,60430002,2,0,0,0,0
455,3,4성 사제 암 3티어,60420004,2,60430001,2,60430005,2,0,0,0,0
461,3,4성 로그 불 3티어,60420006,2,60430007,2,60430003,2,0,0,0,0
462,3,4성 로그 물 3티어,60420002,2,60430003,2,60430001,2,0,0,0,0
463,3,4성 로그 풀 3티어,60420006,2,60430002,2,60430007,2,0,0,0,0
464,3,4성 로그 빛 3티어,60420002,2,60430002,2,60430003,2,0,0,0,0
465,3,4성 로그 암 3티어,60420001,2,60430005,2,60430001,2,0,0,0,0
411,4,4성 전사 불 4티어,60420002,2,60430002,2,60430003,2,60440004,2,0,0
412,4,4성 전사 물 4티어,60420005,2,60430004,2,60430007,2,60440001,2,0,0
413,4,4성 전사 풀 4티어,60420005,2,60430006,2,60430004,2,60440007,2,0,0
414,4,4성 전사 빛 4티어,60420003,2,60430001,2,60430004,2,60440005,2,0,0
415,4,4성 전사 암 4티어,60420004,2,60430005,2,60430002,2,60440002,2,0,0
421,4,4성 팔라딘 불 4티어,60420003,2,60430001,2,60430004,2,60440007,2,0,0
422,4,4성 팔라딘 물 4티어,60420002,2,60430007,2,60430004,2,60440005,2,0,0
423,4,4성 팔라딘 풀 4티어,60420001,2,60430007,2,60430002,2,60440005,2,0,0
424,4,4성 팔라딘 빛 4티어,60420003,2,60430003,2,60430005,2,60440007,2,0,0
425,4,4성 팔라딘 암 4티어,60420002,2,60430003,2,60430006,2,60440007,2,0,0
431,4,4성 헌터 불 4티어,60420003,2,60430007,2,60430004,2,60440003,2,0,0
432,4,4성 헌터 물 4티어,60420005,2,60430003,2,60430004,2,60440005,2,0,0
433,4,4성 헌터 풀 4티어,60420005,2,60430005,2,60430006,2,60440001,2,0,0
434,4,4성 헌터 빛 4티어,60420003,2,60430006,2,60430001,2,60440004,2,0,0
435,4,4성 헌터 암 4티어,60420002,2,60430007,2,60430001,2,60440002,2,0,0
441,4,4성 마법사 불 4티어,60420002,2,60430006,2,60430002,2,60440006,2,0,0
442,4,4성 마법사 물 4티어,60420006,2,60430006,2,60430003,2,60440004,2,0,0
443,4,4성 마법사 풀 4티어,60420005,2,60430007,2,60430003,2,60440007,2,0,0
444,4,4성 마법사 빛 4티어,60420003,2,60430001,2,60430005,2,60440001,2,0,0
445,4,4성 마법사 암 4티어,60420004,2,60430005,2,60430002,2,60440004,2,0,0
451,4,4성 사제 불 4티어,60420006,2,60430004,2,60430007,2,60440002,2,0,0
452,4,4성 사제 물 4티어,60420002,2,60430001,2,60430002,2,60440005,2,0,0
453,4,4성 사제 풀 4티어,60420004,2,60430007,2,60430002,2,60440006,2,0,0
454,4,4성 사제 빛 4티어,60420006,2,60430002,2,60430003,2,60440007,2,0,0
455,4,4성 사제 암 4티어,60420006,2,60430001,2,60430003,2,60440004,2,0,0
461,4,4성 로그 불 4티어,60420004,2,60430007,2,60430005,2,60440007,2,0,0
462,4,4성 로그 물 4티어,60420002,2,60430004,2,60430002,2,60440006,2,0,0
463,4,4성 로그 풀 4티어,60420006,2,60430006,2,60430007,2,60440002,2,0,0
464,4,4성 로그 빛 4티어,60420002,2,60430007,2,60430003,2,60440002,2,0,0
465,4,4성 로그 암 4티어,60420005,2,60430006,2,60430003,2,60440001,2,0,0
411,5,4성 전사 불 5티어,60420006,2,60430002,2,60430005,2,60440005,2,60450006,2
412,5,4성 전사 물 5티어,60420001,2,60430006,2,60430002,2,60440005,2,60450005,2
413,5,4성 전사 풀 5티어,60420004,2,60430003,2,60430005,2,60440003,2,60450006,2
414,5,4성 전사 빛 5티어,60420005,2,60430005,2,60430004,2,60440002,2,60450006,2
415,5,4성 전사 암 5티어,60420005,2,60430005,2,60430007,2,60440001,2,60450006,2
421,5,4성 팔라딘 불 5티어,60420004,2,60430005,2,60430006,2,60440006,2,60450005,2
422,5,4성 팔라딘 물 5티어,60420005,2,60430007,2,60430001,2,60440007,2,60450002,2
423,5,4성 팔라딘 풀 5티어,60420001,2,60430001,2,60430006,2,60440006,2,60450004,2
424,5,4성 팔라딘 빛 5티어,60420001,2,60430002,2,60430003,2,60440005,2,60450002,2
425,5,4성 팔라딘 암 5티어,60420006,2,60430004,2,60430001,2,60440003,2,60450006,2
431,5,4성 헌터 불 5티어,60420002,2,60430007,2,60430004,2,60440002,2,60450003,2
432,5,4성 헌터 물 5티어,60420006,2,60430002,2,60430003,2,60440007,2,60450003,2
433,5,4성 헌터 풀 5티어,60420005,2,60430001,2,60430002,2,60440007,2,60450007,2
434,5,4성 헌터 빛 5티어,60420003,2,60430003,2,60430007,2,60440006,2,60450006,2
435,5,4성 헌터 암 5티어,60420001,2,60430007,2,60430004,2,60440007,2,60450006,2
441,5,4성 마법사 불 5티어,60420005,2,60430006,2,60430005,2,60440002,2,60450004,2
442,5,4성 마법사 물 5티어,60420001,2,60430005,2,60430004,2,60440006,2,60450002,2
443,5,4성 마법사 풀 5티어,60420001,2,60430007,2,60430001,2,60440004,2,60450004,2
444,5,4성 마법사 빛 5티어,60420004,2,60430002,2,60430004,2,60440003,2,60450005,2
445,5,4성 마법사 암 5티어,60420001,2,60430005,2,60430006,2,60440007,2,60450001,2
451,5,4성 사제 불 5티어,60420004,2,60430001,2,60430002,2,60440001,2,60450006,2
452,5,4성 사제 물 5티어,60420004,2,60430004,2,60430001,2,60440004,2,60450006,2
453,5,4성 사제 풀 5티어,60420003,2,60430001,2,60430002,2,60440006,2,60450002,2
454,5,4성 사제 빛 5티어,60420002,2,60430001,2,60430003,2,60440004,2,60450007,2
455,5,4성 사제 암 5티어,60420005,2,60430005,2,60430006,2,60440007,2,60450004,2
461,5,4성 로그 불 5티어,60420006,2,60430003,2,60430004,2,60440003,2,60450007,2
462,5,4성 로그 물 5티어,60420004,2,60430007,2,60430004,2,60440001,2,60450006,2
463,5,4성 로그 풀 5티어,60420003,2,60430007,2,60430005,2,60440002,2,60450003,2
464,5,4성 로그 빛 5티어,60420001,2,60430003,2,60430006,2,60440003,2,60450007,2
465,5,4성 로그 암 5티어,60420001,2,60430005,2,60430006,2,60440001,2,60450004,2