id,help,server,reward1,reward2,reward3,reward4,reward5,reward6,reward7
31000700,이벤트 획득 랜덤 스킬,0,31000710,0,0,0,0,0,0
31011100,Region1 일반 전투 보상,0,31011110,31011120,0,0,0,0,0
31011200,Region1 엘리트 전투 보상,0,31011210,31011220,0,0,0,0,0
31001100,상인 배틀아이템1,0,31001110,0,0,0,0,0,0
31011300,Region1 보스 보상,1,31011310,31011320,31011330,31011340,0,0,0
31011400,Region1 스텝 진행 보상,1,31011410,31011420,31011430,0,0,0,0
30000300,유저 레벨업 보상,1,30000310,30000320,30000330,0,0,0,0
30023100,원정 채집 식량 lv1 제작 재료,1,30023110,0,0,0,0,0,0
30023200,원정 채집 식량 lv2 제작 재료,1,30023210,0,0,0,0,0,0
30023300,원정 채집 식량 lv3 제작 재료,1,30023310,0,0,0,0,0,0
30023400,원정 채집 식량 lv4제작 재료,1,30023410,0,0,0,0,0,0
30023500,원정 채집 식량 lv5 제작 재료,1,30023510,0,0,0,0,0,0
30023600,원정 채집 식량 lv6 제작 재료,1,30023610,0,0,0,0,0,0
30024100,원정 채집 돌 lv1 제작 재료,1,30024110,0,0,0,0,0,0
30024200,원정 채집 돌 lv2 제작 재료,1,30024210,0,0,0,0,0,0
30024300,원정 채집 돌 lv3 제작 재료,1,30024310,0,0,0,0,0,0
30024400,원정 채집 돌 lv4 제작 재료,1,30024410,0,0,0,0,0,0
30024500,원정 채집 돌 lv5 제작 재료,1,30024510,0,0,0,0,0,0
30024600,원정 채집 돌 lv6 제작 재료,1,30024610,0,0,0,0,0,0
30025100,원정 채집 철 lv1 제작 재료,1,30025110,0,0,0,0,0,0
30025200,원정 채집 철 lv2제작 재료,1,30025210,0,0,0,0,0,0
30025300,원정 채집 철 lv3 제작 재료,1,30025310,0,0,0,0,0,0
30025400,원정 채집 철 lv4 제작 재료,1,30025410,0,0,0,0,0,0
30025500,원정 채집 철 lv5제작 재료,1,30025510,0,0,0,0,0,0
30025600,원정 채집 철 lv6 제작 재료,1,30025610,0,0,0,0,0,0
30026100,원정 채집 나무 lv1 제작 재료,1,30026110,0,0,0,0,0,0
30026200,원정 채집 나무 lv2제작 재료,1,30026210,0,0,0,0,0,0
30026300,원정 채집 나무 lv3제작 재료,1,30026310,0,0,0,0,0,0
30026400,원정 채집 나무 lv4 제작 재료,1,30026410,0,0,0,0,0,0
30026500,원정 채집 나무 lv5 제작 재료,1,30026510,0,0,0,0,0,0
30026600,원정 채집 나무 lv6 제작 재료,1,30026610,0,0,0,0,0,0
30030100,배틀 아이템 4개,0,30030110,30030110,30030110,30030110,0,0,0
30001101,대기 소환1,1,30001101,0,0,0,0,0,0
30001102,대기 소환2,1,30001102,0,0,0,0,0,0
30001103,대기 소환3,1,30001103,0,0,0,0,0,0
30001104,대기 소환4,1,30001104,0,0,0,0,0,0
30001105,대기 소환5,1,30001105,0,0,0,0,0,0
30001001,고급소환,1,30001001,0,0,0,0,0,0
30001002,고급소환 10연,1,30001002,0,0,0,0,0,0
30001201,이벤트소환,1,30001201,0,0,0,0,0,0
30001202,이벤트소환 10연,1,30001202,0,0,0,0,0,0
30001311,불속성 소환,1,30001311,0,0,0,0,0,0
30001312,불속성 소환 10연,1,30001312,0,0,0,0,0,0
30001321,물속성 소환,1,30001321,0,0,0,0,0,0
30001322,물속성 소환 10연,1,30001322,0,0,0,0,0,0
30001331,풀속성 소환,1,30001331,0,0,0,0,0,0
30001332,풀속성 소환 10연,1,30001332,0,0,0,0,0,0
30001341,빛속성 소환,1,30001341,0,0,0,0,0,0
30001342,빛속성 소환 10연,1,30001342,0,0,0,0,0,0
30001351,어둠속성 소환,1,30001351,0,0,0,0,0,0
30001352,어둠속성 소환 10연,1,30001352,0,0,0,0,0,0
32020100,골드타워_1,1,32020110,32200110,32210110,32220110,0,0,0
32020200,골드타워_2,1,32020210,32200210,32210210,32220210,0,0,0
32020300,골드타워_3,1,32020310,32200310,32210310,32220310,0,0,0
32020400,골드타워_4,1,32020410,32200410,32210410,32220410,0,0,0
32020500,골드타워_5,1,32020510,32200510,32210510,32220510,0,0,0
32020600,골드타워_6,1,32020610,32200610,32210610,32220610,0,0,0
32020700,골드타워_7,1,32020710,32200710,32210710,32220710,0,0,0
32020800,골드타워_8,1,32020810,32200810,32210810,32220810,0,0,0
32020900,골드타워_9,1,32020910,32200910,32210910,32220910,0,0,0
32021000,골드타워_10,1,32021010,32201010,32211010,32221010,0,0,0
32021100,골드타워_11,1,32021110,32201110,32211110,32221110,0,0,0
32021200,골드타워_12,1,32021210,32201210,32211210,32221210,0,0,0
32021300,골드타워_13,1,32021310,32201310,32211310,32221310,0,0,0
32021400,골드타워_14,1,32021410,32201410,32211410,32221410,0,0,0
32021500,골드타워_15,1,32021510,32201510,32211510,32221510,0,0,0
32021600,골드타워_16,1,32021610,32201610,32211610,32221610,0,0,0
32021700,골드타워_17,1,32021710,32201710,32211710,32221710,0,0,0
32021800,골드타워_18,1,32021810,32201810,32211810,32221810,0,0,0
32021900,골드타워_19,1,32021910,32201910,32211910,32221910,0,0,0
32022000,골드타워_20,1,32022010,32202010,32212010,32222010,0,0,0
32022100,골드타워_21,1,32022110,32202110,32212110,32222110,0,0,0
32022200,골드타워_22,1,32022210,32202210,32212210,32222210,0,0,0
32022300,골드타워_23,1,32022310,32202310,32212310,32222310,0,0,0
32022400,골드타워_24,1,32022410,32202410,32212410,32222410,0,0,0
32022500,골드타워_25,1,32022510,32202510,32212510,32222510,0,0,0
32022600,골드타워_26,1,32022610,32202610,32212610,32222610,0,0,0
32022700,골드타워_27,1,32022710,32202710,32212710,32222710,0,0,0
32022800,골드타워_28,1,32022810,32202810,32212810,32222810,0,0,0
32022900,골드타워_29,1,32022910,32202910,32212910,32222910,0,0,0
32023000,골드타워_30,1,32023010,32203010,32213010,32223010,0,0,0
30041100,아레나 일반 랭킹 보상 티어1(1~5),1,30041110,30041120,0,0,0,0,0
30041200,아레나 일반 랭킹 보상 티어2,1,30041210,30041220,0,0,0,0,0
30041300,아레나 일반 랭킹 보상 티어3,1,30041310,30041320,0,0,0,0,0
30041400,아레나 일반 랭킹 보상 티어4,1,30041410,30041420,0,0,0,0,0
30041500,아레나 일반 랭킹 보상 티어5,1,30041510,30041520,0,0,0,0,0
30110100,환경 기믹1 보상1,1,30110110,30110120,0,0,0,0,0
30110200,환경 기믹1 보상2,1,30110210,30110220,0,0,0,0,0
30110300,환경 기믹1 보상3,1,30110310,30110320,0,0,0,0,0
30110400,환경 기믹1 보상4,1,30110410,30110420,0,0,0,0,0
30110500,환경 기믹1 보상5,1,30110510,30110520,0,0,0,0,0
30110600,환경 기믹1 보상6,1,30110610,30110620,0,0,0,0,0
30110700,환경 기믹1 보상7,1,30110710,30110720,0,0,0,0,0
30110800,환경 기믹1 보상8,1,30110810,30110820,0,0,0,0,0
30110900,환경 기믹1 보상9,1,30110910,30110920,0,0,0,0,0
30111000,환경 기믹1 보상10,1,30111010,30111020,0,0,0,0,0
30111100,환경 기믹1 보상11,1,30111110,30111120,0,0,0,0,0
30111200,환경 기믹1 보상12,1,30111210,30111220,0,0,0,0,0
30111300,환경 기믹1 보상13,1,30111310,30111320,0,0,0,0,0
30111400,환경 기믹1 보상14,1,30111410,30111420,0,0,0,0,0
30111500,환경 기믹1 보상15,1,30111510,30111520,0,0,0,0,0
30310100,제한의 던전 보상_1,1,30310110,30310120,0,0,0,0,0
30310200,제한의 던전 보상_2,1,30310210,30310220,0,0,0,0,0
30310300,제한의 던전 보상_3,1,30310310,30310320,0,0,0,0,0
30310400,제한의 던전 보상_4,1,30310410,30310420,0,0,0,0,0
30310500,제한의 던전 보상_5,1,30310510,30310520,0,0,0,0,0
30310600,제한의 던전 보상_6,1,30310610,30310620,0,0,0,0,0
30310700,제한의 던전 보상_7,1,30310710,30310720,0,0,0,0,0
30310800,제한의 던전 보상_8,1,30310810,30310820,0,0,0,0,0
30310900,제한의 던전 보상_9,1,30310910,30310920,0,0,0,0,0
30311000,제한의 던전 보상_10,1,30311010,30311020,0,0,0,0,0
30311100,제한의 던전 보상_11,1,30311110,30311120,0,0,0,0,0
30311200,제한의 던전 보상_12,1,30311210,30311220,0,0,0,0,0
30311300,제한의 던전 보상_13,1,30311310,30311320,0,0,0,0,0
30311400,제한의 던전 보상_14,1,30311410,30311420,0,0,0,0,0
30311500,제한의 던전 보상_15,1,30311510,30311520,0,0,0,0,0
30410100,필멸의 던전 보상_1,1,30410110,30410120,0,0,0,0,0
30410200,필멸의 던전 보상_2,1,30410210,30410220,0,0,0,0,0
30410300,필멸의 던전 보상_3,1,30410310,30410320,0,0,0,0,0
30410400,필멸의 던전 보상_4,1,30410410,30410420,0,0,0,0,0
30410500,필멸의 던전 보상_5,1,30410510,30410520,0,0,0,0,0
30410600,필멸의 던전 보상_6,1,30410610,30410620,0,0,0,0,0
30410700,필멸의 던전 보상_7,1,30410710,30410720,0,0,0,0,0
30410800,필멸의 던전 보상_8,1,30410810,30410820,0,0,0,0,0
30410900,필멸의 던전 보상_9,1,30410910,30410920,0,0,0,0,0
30411000,필멸의 던전 보상_10,1,30411010,30411020,0,0,0,0,0
30411100,필멸의 던전 보상_11,1,30411110,30411120,0,0,0,0,0
30411200,필멸의 던전 보상_12,1,30411210,30411220,0,0,0,0,0
30411300,필멸의 던전 보상_13,1,30411310,30411320,0,0,0,0,0
30411400,필멸의 던전 보상_14,1,30411410,30411420,0,0,0,0,0
30411500,필멸의 던전 보상_15,1,30411510,30411520,0,0,0,0,0
31011500,Region1 상인 판매 스킬,0,31011510,31011510,31011510,0,0,0,0
30210100,로던 일반 전투 보상,0,30210110,30210120,30210130,0,0,0,0
30210200,로던 엘리트 전투 보상,0,30210210,30210220,30210230,30210240,0,0,0
30211300,로던 1층 보스 보상,0,30211310,30211320,30211330,0,0,0,0
30210400,로던 1회성 진행 보상,1,30210410,30210420,0,0,0,0,0
30210500,로던 상인 판매 스킬,0,30210510,30210510,0,0,0,0,0
30210600,로던 상인 판매 장비,0,30210610,30210610,0,0,0,0,0
30210700,로던 1회성 특별 진행 보상,1,30210710,30210720,30210730,0,0,0,0
32100100,경험치 타워_1,1,32100110,32200110,32210110,32220110,0,0,0
32100200,경험치 타워_2,1,32100210,32200210,32210210,32220210,0,0,0
32100300,경험치 타워_3,1,32100310,32200310,32210310,32220310,0,0,0
32100400,경험치 타워_4,1,32100410,32200410,32210410,32220410,0,0,0
32100500,경험치 타워_5,1,32100510,32200510,32210510,32220510,0,0,0
32100600,경험치 타워_6,1,32100610,32200610,32210610,32220610,0,0,0
32100700,경험치 타워_7,1,32100710,32200710,32210710,32220710,0,0,0
32100800,경험치 타워_8,1,32100810,32200810,32210810,32220810,0,0,0
32100900,경험치 타워_9,1,32100910,32200910,32210910,32220910,0,0,0
32101000,경험치 타워_10,1,32101010,32201010,32211010,32221010,0,0,0
32101100,경험치 타워_11,1,32101110,32201110,32211110,32221110,0,0,0
32101200,경험치 타워_12,1,32101210,32201210,32211210,32221210,0,0,0
32101300,경험치 타워_13,1,32101310,32201310,32211310,32221310,0,0,0
32101400,경험치 타워_14,1,32101410,32201410,32211410,32221410,0,0,0
32101500,경험치 타워_15,1,32101510,32201510,32211510,32221510,0,0,0
32101600,경험치 타워_16,1,32101610,32201610,32211610,32221610,0,0,0
32101700,경험치 타워_17,1,32101710,32201710,32211710,32221710,0,0,0
32101800,경험치 타워_18,1,32101810,32201810,32211810,32221810,0,0,0
32101900,경험치 타워_19,1,32101910,32201910,32211910,32221910,0,0,0
32102000,경험치 타워_20,1,32102010,32202010,32212010,32222010,0,0,0
32102100,경험치 타워_21,1,32102110,32202110,32212110,32222110,0,0,0
32102200,경험치 타워_22,1,32102210,32202210,32212210,32222210,0,0,0
32102300,경험치 타워_23,1,32102310,32202310,32212310,32222310,0,0,0
32102400,경험치 타워_24,1,32102410,32202410,32212410,32222410,0,0,0
32102500,경험치 타워_25,1,32102510,32202510,32212510,32222510,0,0,0
32102600,경험치 타워_26,1,32102610,32202610,32212610,32222610,0,0,0
32102700,경험치 타워_27,1,32102710,32202710,32212710,32222710,0,0,0
32102800,경험치 타워_28,1,32102810,32202810,32212810,32222810,0,0,0
32102900,경험치 타워_29,1,32102910,32202910,32212910,32222910,0,0,0
32103000,경험치 타워_30,1,32103010,32203010,32213010,32223010,0,0,0
32030100,푸드타워_1,1,32030110,32200110,32210110,32220110,0,0,0
32030200,푸드타워_2,1,32030210,32200210,32210210,32220210,0,0,0
32030300,푸드타워_3,1,32030310,32200310,32210310,32220310,0,0,0
32030400,푸드타워_4,1,32030410,32200410,32210410,32220410,0,0,0
32030500,푸드타워_5,1,32030510,32200510,32210510,32220510,0,0,0
32030600,푸드타워_6,1,32030610,32200610,32210610,32220610,0,0,0
32030700,푸드타워_7,1,32030710,32200710,32210710,32220710,0,0,0
32030800,푸드타워_8,1,32030810,32200810,32210810,32220810,0,0,0
32030900,푸드타워_9,1,32030910,32200910,32210910,32220910,0,0,0
32031000,푸드타워_10,1,32031010,32201010,32211010,32221010,0,0,0
32031100,푸드타워_11,1,32031110,32201110,32211110,32221110,0,0,0
32031200,푸드타워_12,1,32031210,32201210,32211210,32221210,0,0,0
32031300,푸드타워_13,1,32031310,32201310,32211310,32221310,0,0,0
32031400,푸드타워_14,1,32031410,32201410,32211410,32221410,0,0,0
32031500,푸드타워_15,1,32031510,32201510,32211510,32221510,0,0,0
32031600,푸드타워_16,1,32031610,32201610,32211610,32221610,0,0,0
32031700,푸드타워_17,1,32031710,32201710,32211710,32221710,0,0,0
32031800,푸드타워_18,1,32031810,32201810,32211810,32221810,0,0,0
32031900,푸드타워_19,1,32031910,32201910,32211910,32221910,0,0,0
32032000,푸드타워_20,1,32032010,32202010,32212010,32222010,0,0,0
32032100,푸드타워_21,1,32032110,32202110,32212110,32222110,0,0,0
32032200,푸드타워_22,1,32032210,32202210,32212210,32222210,0,0,0
32032300,푸드타워_23,1,32032310,32202310,32212310,32222310,0,0,0
32032400,푸드타워_24,1,32032410,32202410,32212410,32222410,0,0,0
32032500,푸드타워_25,1,32032510,32202510,32212510,32222510,0,0,0
32032600,푸드타워_26,1,32032610,32202610,32212610,32222610,0,0,0
32032700,푸드타워_27,1,32032710,32202710,32212710,32222710,0,0,0
32032800,푸드타워_28,1,32032810,32202810,32212810,32222810,0,0,0
32032900,푸드타워_29,1,32032910,32202910,32212910,32222910,0,0,0
32033000,푸드타워_30,1,32033010,32203010,32213010,32223010,0,0,0
32040100,돌 타워_1,1,32040110,32200110,32210110,32220110,0,0,0
32040200,돌 타워_2,1,32040210,32200210,32210210,32220210,0,0,0
32040300,돌 타워_3,1,32040310,32200310,32210310,32220310,0,0,0
32040400,돌 타워_4,1,32040410,32200410,32210410,32220410,0,0,0
32040500,돌 타워_5,1,32040510,32200510,32210510,32220510,0,0,0
32040600,돌 타워_6,1,32040610,32200610,32210610,32220610,0,0,0
32040700,돌 타워_7,1,32040710,32200710,32210710,32220710,0,0,0
32040800,돌 타워_8,1,32040810,32200810,32210810,32220810,0,0,0
32040900,돌 타워_9,1,32040910,32200910,32210910,32220910,0,0,0
32041000,돌 타워_10,1,32041010,32201010,32211010,32221010,0,0,0
32041100,돌 타워_11,1,32041110,32201110,32211110,32221110,0,0,0
32041200,돌 타워_12,1,32041210,32201210,32211210,32221210,0,0,0
32041300,돌 타워_13,1,32041310,32201310,32211310,32221310,0,0,0
32041400,돌 타워_14,1,32041410,32201410,32211410,32221410,0,0,0
32041500,돌 타워_15,1,32041510,32201510,32211510,32221510,0,0,0
32041600,돌 타워_16,1,32041610,32201610,32211610,32221610,0,0,0
32041700,돌 타워_17,1,32041710,32201710,32211710,32221710,0,0,0
32041800,돌 타워_18,1,32041810,32201810,32211810,32221810,0,0,0
32041900,돌 타워_19,1,32041910,32201910,32211910,32221910,0,0,0
32042000,돌 타워_20,1,32042010,32202010,32212010,32222010,0,0,0
32042100,돌 타워_21,1,32042110,32202110,32212110,32222110,0,0,0
32042200,돌 타워_22,1,32042210,32202210,32212210,32222210,0,0,0
32042300,돌 타워_23,1,32042310,32202310,32212310,32222310,0,0,0
32042400,돌 타워_24,1,32042410,32202410,32212410,32222410,0,0,0
32042500,돌 타워_25,1,32042510,32202510,32212510,32222510,0,0,0
32042600,돌 타워_26,1,32042610,32202610,32212610,32222610,0,0,0
32042700,돌 타워_27,1,32042710,32202710,32212710,32222710,0,0,0
32042800,돌 타워_28,1,32042810,32202810,32212810,32222810,0,0,0
32042900,돌 타워_29,1,32042910,32202910,32212910,32222910,0,0,0
32043000,돌 타워_30,1,32043010,32203010,32213010,32223010,0,0,0
32050100,철 타워_1,1,32050110,32200110,32210110,32220110,0,0,0
32050200,철 타워_2,1,32050210,32200210,32210210,32220210,0,0,0
32050300,철 타워_3,1,32050310,32200310,32210310,32220310,0,0,0
32050400,철 타워_4,1,32050410,32200410,32210410,32220410,0,0,0
32050500,철 타워_5,1,32050510,32200510,32210510,32220510,0,0,0
32050600,철 타워_6,1,32050610,32200610,32210610,32220610,0,0,0
32050700,철 타워_7,1,32050710,32200710,32210710,32220710,0,0,0
32050800,철 타워_8,1,32050810,32200810,32210810,32220810,0,0,0
32050900,철 타워_9,1,32050910,32200910,32210910,32220910,0,0,0
32051000,철 타워_10,1,32051010,32201010,32211010,32221010,0,0,0
32051100,철 타워_11,1,32051110,32201110,32211110,32221110,0,0,0
32051200,철 타워_12,1,32051210,32201210,32211210,32221210,0,0,0
32051300,철 타워_13,1,32051310,32201310,32211310,32221310,0,0,0
32051400,철 타워_14,1,32051410,32201410,32211410,32221410,0,0,0
32051500,철 타워_15,1,32051510,32201510,32211510,32221510,0,0,0
32051600,철 타워_16,1,32051610,32201610,32211610,32221610,0,0,0
32051700,철 타워_17,1,32051710,32201710,32211710,32221710,0,0,0
32051800,철 타워_18,1,32051810,32201810,32211810,32221810,0,0,0
32051900,철 타워_19,1,32051910,32201910,32211910,32221910,0,0,0
32052000,철 타워_20,1,32052010,32202010,32212010,32222010,0,0,0
32052100,철 타워_21,1,32052110,32202110,32212110,32222110,0,0,0
32052200,철 타워_22,1,32052210,32202210,32212210,32222210,0,0,0
32052300,철 타워_23,1,32052310,32202310,32212310,32222310,0,0,0
32052400,철 타워_24,1,32052410,32202410,32212410,32222410,0,0,0
32052500,철 타워_25,1,32052510,32202510,32212510,32222510,0,0,0
32052600,철 타워_26,1,32052610,32202610,32212610,32222610,0,0,0
32052700,철 타워_27,1,32052710,32202710,32212710,32222710,0,0,0
32052800,철 타워_28,1,32052810,32202810,32212810,32222810,0,0,0
32052900,철 타워_29,1,32052910,32202910,32212910,32222910,0,0,0
32053000,철 타워_30,1,32053010,32203010,32213010,32223010,0,0,0
32060100,나무 타워_1,1,32060110,32200110,32210110,32220110,0,0,0
32060200,나무 타워_2,1,32060210,32200210,32210210,32220210,0,0,0
32060300,나무 타워_3,1,32060310,32200310,32210310,32220310,0,0,0
32060400,나무 타워_4,1,32060410,32200410,32210410,32220410,0,0,0
32060500,나무 타워_5,1,32060510,32200510,32210510,32220510,0,0,0
32060600,나무 타워_6,1,32060610,32200610,32210610,32220610,0,0,0
32060700,나무 타워_7,1,32060710,32200710,32210710,32220710,0,0,0
32060800,나무 타워_8,1,32060810,32200810,32210810,32220810,0,0,0
32060900,나무 타워_9,1,32060910,32200910,32210910,32220910,0,0,0
32061000,나무 타워_10,1,32061010,32201010,32211010,32221010,0,0,0
32061100,나무 타워_11,1,32061110,32201110,32211110,32221110,0,0,0
32061200,나무 타워_12,1,32061210,32201210,32211210,32221210,0,0,0
32061300,나무 타워_13,1,32061310,32201310,32211310,32221310,0,0,0
32061400,나무 타워_14,1,32061410,32201410,32211410,32221410,0,0,0
32061500,나무 타워_15,1,32061510,32201510,32211510,32221510,0,0,0
32061600,나무 타워_16,1,32061610,32201610,32211610,32221610,0,0,0
32061700,나무 타워_17,1,32061710,32201710,32211710,32221710,0,0,0
32061800,나무 타워_18,1,32061810,32201810,32211810,32221810,0,0,0
32061900,나무 타워_19,1,32061910,32201910,32211910,32221910,0,0,0
32062000,나무 타워_20,1,32062010,32202010,32212010,32222010,0,0,0
32062100,나무 타워_21,1,32062110,32202110,32212110,32222110,0,0,0
32062200,나무 타워_22,1,32062210,32202210,32212210,32222210,0,0,0
32062300,나무 타워_23,1,32062310,32202310,32212310,32222310,0,0,0
32062400,나무 타워_24,1,32062410,32202410,32212410,32222410,0,0,0
32062500,나무 타워_25,1,32062510,32202510,32212510,32222510,0,0,0
32062600,나무 타워_26,1,32062610,32202610,32212610,32222610,0,0,0
32062700,나무 타워_27,1,32062710,32202710,32212710,32222710,0,0,0
32062800,나무 타워_28,1,32062810,32202810,32212810,32222810,0,0,0
32062900,나무 타워_29,1,32062910,32202910,32212910,32222910,0,0,0
32063000,나무 타워_30,1,32063010,32203010,32213010,32223010,0,0,0
33011100,토벌레이드_성공 grade1_lv1,1,33011110,0,0,0,0,0,0
33021100,토벌레이드_성공 grade1_lv2,1,33021110,0,0,0,0,0,0
33031100,토벌레이드_성공 grade1_lv3,1,33031110,0,0,0,0,0,0
33041100,토벌레이드_성공 grade1_lv4,1,33041110,0,0,0,0,0,0
33051100,토벌레이드_성공 grade1_lv5,1,33051110,0,0,0,0,0,0
33061100,토벌레이드_성공 grade1_lv6,1,33061110,0,0,0,0,0,0
33071100,토벌레이드_성공 grade1_lv7,1,33071110,0,0,0,0,0,0
33081100,토벌레이드_성공 grade1_lv8,1,33081110,0,0,0,0,0,0
33091100,토벌레이드_성공 grade1_lv9,1,33091110,0,0,0,0,0,0
33101100,토벌레이드_성공 grade1_lv10,1,33101110,0,0,0,0,0,0
33111100,토벌레이드_성공 grade1_lv11,1,33111110,0,0,0,0,0,0
33121100,토벌레이드_성공 grade1_lv12,1,33121110,0,0,0,0,0,0
33131100,토벌레이드_성공 grade1_lv13,1,33131110,0,0,0,0,0,0
33141100,토벌레이드_성공 grade1_lv14,1,33141110,0,0,0,0,0,0
33151100,토벌레이드_성공 grade1_lv15,1,33151110,0,0,0,0,0,0
33011200,토벌레이드_성공 grade2_lv1,1,33011210,0,0,0,0,0,0
33021200,토벌레이드_성공 grade2_lv2,1,33021210,0,0,0,0,0,0
33031200,토벌레이드_성공 grade2_lv3,1,33031210,0,0,0,0,0,0
33041200,토벌레이드_성공 grade2_lv4,1,33041210,0,0,0,0,0,0
33051200,토벌레이드_성공 grade2_lv5,1,33051210,0,0,0,0,0,0
33061200,토벌레이드_성공 grade2_lv6,1,33061210,0,0,0,0,0,0
33071200,토벌레이드_성공 grade2_lv7,1,33071210,0,0,0,0,0,0
33081200,토벌레이드_성공 grade2_lv8,1,33081210,0,0,0,0,0,0
33091200,토벌레이드_성공 grade2_lv9,1,33091210,0,0,0,0,0,0
33101200,토벌레이드_성공 grade2_lv10,1,33101210,0,0,0,0,0,0
33111200,토벌레이드_성공 grade2_lv11,1,33111210,0,0,0,0,0,0
33121200,토벌레이드_성공 grade2_lv12,1,33121210,0,0,0,0,0,0
33131200,토벌레이드_성공 grade2_lv13,1,33131210,0,0,0,0,0,0
33141200,토벌레이드_성공 grade2_lv14,1,33141210,0,0,0,0,0,0
33151200,토벌레이드_성공 grade2_lv15,1,33151210,0,0,0,0,0,0
33011300,토벌레이드_성공 grade3_lv1,1,33011310,0,0,0,0,0,0
33021300,토벌레이드_성공 grade3_lv2,1,33021310,0,0,0,0,0,0
33031300,토벌레이드_성공 grade3_lv3,1,33031310,0,0,0,0,0,0
33041300,토벌레이드_성공 grade3_lv4,1,33041310,0,0,0,0,0,0
33051300,토벌레이드_성공 grade3_lv5,1,33051310,0,0,0,0,0,0
33061300,토벌레이드_성공 grade3_lv6,1,33061310,0,0,0,0,0,0
33071300,토벌레이드_성공 grade3_lv7,1,33071310,0,0,0,0,0,0
33081300,토벌레이드_성공 grade3_lv8,1,33081310,0,0,0,0,0,0
33091300,토벌레이드_성공 grade3_lv9,1,33091310,0,0,0,0,0,0
33101300,토벌레이드_성공 grade3_lv10,1,33101310,0,0,0,0,0,0
33111300,토벌레이드_성공 grade3_lv11,1,33111310,0,0,0,0,0,0
33121300,토벌레이드_성공 grade3_lv12,1,33121310,0,0,0,0,0,0
33131300,토벌레이드_성공 grade3_lv13,1,33131310,0,0,0,0,0,0
33141300,토벌레이드_성공 grade3_lv14,1,33141310,0,0,0,0,0,0
33151300,토벌레이드_성공 grade3_lv15,1,33151310,0,0,0,0,0,0
33011400,토벌레이드_성공 grade4_lv1,1,33011410,0,0,0,0,0,0
33021400,토벌레이드_성공 grade4_lv2,1,33021410,0,0,0,0,0,0
33031400,토벌레이드_성공 grade4_lv3,1,33031410,0,0,0,0,0,0
33041400,토벌레이드_성공 grade4_lv4,1,33041410,0,0,0,0,0,0
33051400,토벌레이드_성공 grade4_lv5,1,33051410,0,0,0,0,0,0
33061400,토벌레이드_성공 grade4_lv6,1,33061410,0,0,0,0,0,0
33071400,토벌레이드_성공 grade4_lv7,1,33071410,0,0,0,0,0,0
33081400,토벌레이드_성공 grade4_lv8,1,33081410,0,0,0,0,0,0
33091400,토벌레이드_성공 grade4_lv9,1,33091410,0,0,0,0,0,0
33101400,토벌레이드_성공 grade4_lv10,1,33101410,0,0,0,0,0,0
33111400,토벌레이드_성공 grade4_lv11,1,33111410,0,0,0,0,0,0
33121400,토벌레이드_성공 grade4_lv12,1,33121410,0,0,0,0,0,0
33131400,토벌레이드_성공 grade4_lv13,1,33131410,0,0,0,0,0,0
33141400,토벌레이드_성공 grade4_lv14,1,33141410,0,0,0,0,0,0
33151400,토벌레이드_성공 grade4_lv15,1,33151410,0,0,0,0,0,0
33011500,토벌레이드_성공 grade5_lv1,1,33011510,0,0,0,0,0,0
33021500,토벌레이드_성공 grade5_lv2,1,33021510,0,0,0,0,0,0
33031500,토벌레이드_성공 grade5_lv3,1,33031510,0,0,0,0,0,0
33041500,토벌레이드_성공 grade5_lv4,1,33041510,0,0,0,0,0,0
33051500,토벌레이드_성공 grade5_lv5,1,33051510,0,0,0,0,0,0
33061500,토벌레이드_성공 grade5_lv6,1,33061510,0,0,0,0,0,0
33071500,토벌레이드_성공 grade5_lv7,1,33071510,0,0,0,0,0,0
33081500,토벌레이드_성공 grade5_lv8,1,33081510,0,0,0,0,0,0
33091500,토벌레이드_성공 grade5_lv9,1,33091510,0,0,0,0,0,0
33101500,토벌레이드_성공 grade5_lv10,1,33101510,0,0,0,0,0,0
33111500,토벌레이드_성공 grade5_lv11,1,33111510,0,0,0,0,0,0
33121500,토벌레이드_성공 grade5_lv12,1,33121510,0,0,0,0,0,0
33131500,토벌레이드_성공 grade5_lv13,1,33131510,0,0,0,0,0,0
33141500,토벌레이드_성공 grade5_lv14,1,33141510,0,0,0,0,0,0
33151500,토벌레이드_성공 grade5_lv15,1,33151510,0,0,0,0,0,0
33011600,토벌레이드_성공 grade6_lv1,1,33011610,0,0,0,0,0,0
33021600,토벌레이드_성공 grade6_lv2,1,33021610,0,0,0,0,0,0
33031600,토벌레이드_성공 grade6_lv3,1,33031610,0,0,0,0,0,0
33041600,토벌레이드_성공 grade6_lv4,1,33041610,0,0,0,0,0,0
33051600,토벌레이드_성공 grade6_lv5,1,33051610,0,0,0,0,0,0
33061600,토벌레이드_성공 grade6_lv6,1,33061610,0,0,0,0,0,0
33071600,토벌레이드_성공 grade6_lv7,1,33071610,0,0,0,0,0,0
33081600,토벌레이드_성공 grade6_lv8,1,33081610,0,0,0,0,0,0
33091600,토벌레이드_성공 grade6_lv9,1,33091610,0,0,0,0,0,0
33101600,토벌레이드_성공 grade6_lv10,1,33101610,0,0,0,0,0,0
33111600,토벌레이드_성공 grade6_lv11,1,33111610,0,0,0,0,0,0
33121600,토벌레이드_성공 grade6_lv12,1,33121610,0,0,0,0,0,0
33131600,토벌레이드_성공 grade6_lv13,1,33131610,0,0,0,0,0,0
33141600,토벌레이드_성공 grade6_lv14,1,33141610,0,0,0,0,0,0
33151600,토벌레이드_성공 grade6_lv15,1,33151610,0,0,0,0,0,0
33011700,토벌레이드_성공 grade7_lv1,1,33011710,0,0,0,0,0,0
33021700,토벌레이드_성공 grade7_lv2,1,33021710,0,0,0,0,0,0
33031700,토벌레이드_성공 grade7_lv3,1,33031710,0,0,0,0,0,0
33041700,토벌레이드_성공 grade7_lv4,1,33041710,0,0,0,0,0,0
33051700,토벌레이드_성공 grade7_lv5,1,33051710,0,0,0,0,0,0
33061700,토벌레이드_성공 grade7_lv6,1,33061710,0,0,0,0,0,0
33071700,토벌레이드_성공 grade7_lv7,1,33071710,0,0,0,0,0,0
33081700,토벌레이드_성공 grade7_lv8,1,33081710,0,0,0,0,0,0
33091700,토벌레이드_성공 grade7_lv9,1,33091710,0,0,0,0,0,0
33101700,토벌레이드_성공 grade7_lv10,1,33101710,0,0,0,0,0,0
33111700,토벌레이드_성공 grade7_lv11,1,33111710,0,0,0,0,0,0
33121700,토벌레이드_성공 grade7_lv12,1,33121710,0,0,0,0,0,0
33131700,토벌레이드_성공 grade7_lv13,1,33131710,0,0,0,0,0,0
33141700,토벌레이드_성공 grade7_lv14,1,33141710,0,0,0,0,0,0
33151700,토벌레이드_성공 grade7_lv15,1,33151710,0,0,0,0,0,0
33010100,토벌레이드_실패 grade1_lv1,1,33010110,0,0,0,0,0,0
33020100,토벌레이드_실패 grade1_lv2,1,33020110,0,0,0,0,0,0
33030100,토벌레이드_실패 grade1_lv3,1,33030110,0,0,0,0,0,0
33040100,토벌레이드_실패 grade1_lv4,1,33040110,0,0,0,0,0,0
33050100,토벌레이드_실패 grade1_lv5,1,33050110,0,0,0,0,0,0
33060100,토벌레이드_실패 grade1_lv6,1,33060110,0,0,0,0,0,0
33070100,토벌레이드_실패 grade1_lv7,1,33070110,0,0,0,0,0,0
33080100,토벌레이드_실패 grade1_lv8,1,33080110,0,0,0,0,0,0
33090100,토벌레이드_실패 grade1_lv9,1,33090110,0,0,0,0,0,0
33100100,토벌레이드_실패 grade1_lv10,1,33100110,0,0,0,0,0,0
33110100,토벌레이드_실패 grade1_lv11,1,33110110,0,0,0,0,0,0
33120100,토벌레이드_실패 grade1_lv12,1,33120110,0,0,0,0,0,0
33130100,토벌레이드_실패 grade1_lv13,1,33130110,0,0,0,0,0,0
33140100,토벌레이드_실패 grade1_lv14,1,33140110,0,0,0,0,0,0
33150100,토벌레이드_실패 grade1_lv15,1,33150110,0,0,0,0,0,0
33010200,토벌레이드_실패 grade2_lv1,1,33010210,0,0,0,0,0,0
33020200,토벌레이드_실패 grade2_lv2,1,33020210,0,0,0,0,0,0
33030200,토벌레이드_실패 grade2_lv3,1,33030210,0,0,0,0,0,0
33040200,토벌레이드_실패 grade2_lv4,1,33040210,0,0,0,0,0,0
33050200,토벌레이드_실패 grade2_lv5,1,33050210,0,0,0,0,0,0
33060200,토벌레이드_실패 grade2_lv6,1,33060210,0,0,0,0,0,0
33070200,토벌레이드_실패 grade2_lv7,1,33070210,0,0,0,0,0,0
33080200,토벌레이드_실패 grade2_lv8,1,33080210,0,0,0,0,0,0
33090200,토벌레이드_실패 grade2_lv9,1,33090210,0,0,0,0,0,0
33100200,토벌레이드_실패 grade2_lv10,1,33100210,0,0,0,0,0,0
33110200,토벌레이드_실패 grade2_lv11,1,33110210,0,0,0,0,0,0
33120200,토벌레이드_실패 grade2_lv12,1,33120210,0,0,0,0,0,0
33130200,토벌레이드_실패 grade2_lv13,1,33130210,0,0,0,0,0,0
33140200,토벌레이드_실패 grade2_lv14,1,33140210,0,0,0,0,0,0
33150200,토벌레이드_실패 grade2_lv15,1,33150210,0,0,0,0,0,0
33010300,토벌레이드_실패 grade3_lv1,1,33010310,0,0,0,0,0,0
33020300,토벌레이드_실패 grade3_lv2,1,33020310,0,0,0,0,0,0
33030300,토벌레이드_실패 grade3_lv3,1,33030310,0,0,0,0,0,0
33040300,토벌레이드_실패 grade3_lv4,1,33040310,0,0,0,0,0,0
33050300,토벌레이드_실패 grade3_lv5,1,33050310,0,0,0,0,0,0
33060300,토벌레이드_실패 grade3_lv6,1,33060310,0,0,0,0,0,0
33070300,토벌레이드_실패 grade3_lv7,1,33070310,0,0,0,0,0,0
33080300,토벌레이드_실패 grade3_lv8,1,33080310,0,0,0,0,0,0
33090300,토벌레이드_실패 grade3_lv9,1,33090310,0,0,0,0,0,0
33100300,토벌레이드_실패 grade3_lv10,1,33100310,0,0,0,0,0,0
33110300,토벌레이드_실패 grade3_lv11,1,33110310,0,0,0,0,0,0
33120300,토벌레이드_실패 grade3_lv12,1,33120310,0,0,0,0,0,0
33130300,토벌레이드_실패 grade3_lv13,1,33130310,0,0,0,0,0,0
33140300,토벌레이드_실패 grade3_lv14,1,33140310,0,0,0,0,0,0
33150300,토벌레이드_실패 grade3_lv15,1,33150310,0,0,0,0,0,0
33010400,토벌레이드_실패 grade4_lv1,1,33010410,0,0,0,0,0,0
33020400,토벌레이드_실패 grade4_lv2,1,33020410,0,0,0,0,0,0
33030400,토벌레이드_실패 grade4_lv3,1,33030410,0,0,0,0,0,0
33040400,토벌레이드_실패 grade4_lv4,1,33040410,0,0,0,0,0,0
33050400,토벌레이드_실패 grade4_lv5,1,33050410,0,0,0,0,0,0
33060400,토벌레이드_실패 grade4_lv6,1,33060410,0,0,0,0,0,0
33070400,토벌레이드_실패 grade4_lv7,1,33070410,0,0,0,0,0,0
33080400,토벌레이드_실패 grade4_lv8,1,33080410,0,0,0,0,0,0
33090400,토벌레이드_실패 grade4_lv9,1,33090410,0,0,0,0,0,0
33100400,토벌레이드_실패 grade4_lv10,1,33100410,0,0,0,0,0,0
33110400,토벌레이드_실패 grade4_lv11,1,33110410,0,0,0,0,0,0
33120400,토벌레이드_실패 grade4_lv12,1,33120410,0,0,0,0,0,0
33130400,토벌레이드_실패 grade4_lv13,1,33130410,0,0,0,0,0,0
33140400,토벌레이드_실패 grade4_lv14,1,33140410,0,0,0,0,0,0
33150400,토벌레이드_실패 grade4_lv15,1,33150410,0,0,0,0,0,0
33010500,토벌레이드_실패 grade5_lv1,1,33010510,0,0,0,0,0,0
33020500,토벌레이드_실패 grade5_lv2,1,33020510,0,0,0,0,0,0
33030500,토벌레이드_실패 grade5_lv3,1,33030510,0,0,0,0,0,0
33040500,토벌레이드_실패 grade5_lv4,1,33040510,0,0,0,0,0,0
33050500,토벌레이드_실패 grade5_lv5,1,33050510,0,0,0,0,0,0
33060500,토벌레이드_실패 grade5_lv6,1,33060510,0,0,0,0,0,0
33070500,토벌레이드_실패 grade5_lv7,1,33070510,0,0,0,0,0,0
33080500,토벌레이드_실패 grade5_lv8,1,33080510,0,0,0,0,0,0
33090500,토벌레이드_실패 grade5_lv9,1,33090510,0,0,0,0,0,0
33100500,토벌레이드_실패 grade5_lv10,1,33100510,0,0,0,0,0,0
33110500,토벌레이드_실패 grade5_lv11,1,33110510,0,0,0,0,0,0
33120500,토벌레이드_실패 grade5_lv12,1,33120510,0,0,0,0,0,0
33130500,토벌레이드_실패 grade5_lv13,1,33130510,0,0,0,0,0,0
33140500,토벌레이드_실패 grade5_lv14,1,33140510,0,0,0,0,0,0
33150500,토벌레이드_실패 grade5_lv15,1,33150510,0,0,0,0,0,0
33010600,토벌레이드_실패 grade6_lv1,1,33010610,0,0,0,0,0,0
33020600,토벌레이드_실패 grade6_lv2,1,33020610,0,0,0,0,0,0
33030600,토벌레이드_실패 grade6_lv3,1,33030610,0,0,0,0,0,0
33040600,토벌레이드_실패 grade6_lv4,1,33040610,0,0,0,0,0,0
33050600,토벌레이드_실패 grade6_lv5,1,33050610,0,0,0,0,0,0
33060600,토벌레이드_실패 grade6_lv6,1,33060610,0,0,0,0,0,0
33070600,토벌레이드_실패 grade6_lv7,1,33070610,0,0,0,0,0,0
33080600,토벌레이드_실패 grade6_lv8,1,33080610,0,0,0,0,0,0
33090600,토벌레이드_실패 grade6_lv9,1,33090610,0,0,0,0,0,0
33100600,토벌레이드_실패 grade6_lv10,1,33100610,0,0,0,0,0,0
33110600,토벌레이드_실패 grade6_lv11,1,33110610,0,0,0,0,0,0
33120600,토벌레이드_실패 grade6_lv12,1,33120610,0,0,0,0,0,0
33130600,토벌레이드_실패 grade6_lv13,1,33130610,0,0,0,0,0,0
33140600,토벌레이드_실패 grade6_lv14,1,33140610,0,0,0,0,0,0
33150600,토벌레이드_실패 grade6_lv15,1,33150610,0,0,0,0,0,0
33010700,토벌레이드_실패 grade7_lv1,1,33010710,0,0,0,0,0,0
33020700,토벌레이드_실패 grade7_lv2,1,33020710,0,0,0,0,0,0
33030700,토벌레이드_실패 grade7_lv3,1,33030710,0,0,0,0,0,0
33040700,토벌레이드_실패 grade7_lv4,1,33040710,0,0,0,0,0,0
33050700,토벌레이드_실패 grade7_lv5,1,33050710,0,0,0,0,0,0
33060700,토벌레이드_실패 grade7_lv6,1,33060710,0,0,0,0,0,0
33070700,토벌레이드_실패 grade7_lv7,1,33070710,0,0,0,0,0,0
33080700,토벌레이드_실패 grade7_lv8,1,33080710,0,0,0,0,0,0
33090700,토벌레이드_실패 grade7_lv9,1,33090710,0,0,0,0,0,0
33100700,토벌레이드_실패 grade7_lv10,1,33100710,0,0,0,0,0,0
33110700,토벌레이드_실패 grade7_lv11,1,33110710,0,0,0,0,0,0
33120700,토벌레이드_실패 grade7_lv12,1,33120710,0,0,0,0,0,0
33130700,토벌레이드_실패 grade7_lv13,1,33130710,0,0,0,0,0,0
33140700,토벌레이드_실패 grade7_lv14,1,33140710,0,0,0,0,0,0
33150700,토벌레이드_실패 grade7_lv15,1,33150710,0,0,0,0,0,0
31011610,모험 1지역 1난이도 별 미션 보상 1,1,31011611,31011612,0,0,0,0,0
31011620,모험 1지역 1난이도 별 미션 보상 2,1,31011621,31011622,0,0,0,0,0
31011630,모험 1지역 1난이도 별 미션 보상 3,1,31011631,31011632,0,0,0,0,0
31011640,모험 1지역 1난이도 별 미션 보상 4,1,31011641,31011642,0,0,0,0,0
31011650,모험 1지역 1난이도 별 미션 보상 5,1,31011651,31011652,0,0,0,0,0
31021610,모험 2지역 1난이도 별 미션 보상 1,1,31021611,31021612,0,0,0,0,0
31021620,모험 2지역 1난이도 별 미션 보상 2,1,31021621,31021622,0,0,0,0,0
31021630,모험 2지역 1난이도 별 미션 보상 3,1,31021631,31021632,0,0,0,0,0
31021640,모험 2지역 1난이도 별 미션 보상 4,1,31021641,31021642,0,0,0,0,0
31021650,모험 2지역 1난이도 별 미션 보상 5,1,31021651,31021652,0,0,0,0,0
31031610,모험 3지역 1난이도 별 미션 보상 1,1,31031611,31031612,0,0,0,0,0
31031620,모험 3지역 1난이도 별 미션 보상 2,1,31031621,31031622,0,0,0,0,0
31031630,모험 3지역 1난이도 별 미션 보상 3,1,31031631,31031632,0,0,0,0,0
31031640,모험 3지역 1난이도 별 미션 보상 4,1,31031641,31031642,0,0,0,0,0
31031650,모험 3지역 1난이도 별 미션 보상 5,1,31031651,31031652,0,0,0,0,0
31041610,모험 4지역 1난이도 별 미션 보상 1,1,31041611,31041612,0,0,0,0,0
31041620,모험 4지역 1난이도 별 미션 보상 2,1,31041621,31041622,0,0,0,0,0
31041630,모험 4지역 1난이도 별 미션 보상 3,1,31041631,31041632,0,0,0,0,0
31041640,모험 4지역 1난이도 별 미션 보상 4,1,31041641,31041642,0,0,0,0,0
31041650,모험 4지역 1난이도 별 미션 보상 5,1,31041651,31041652,0,0,0,0,0
31051610,모험 5지역 1난이도 별 미션 보상 1,1,31051611,31051612,0,0,0,0,0
31051620,모험 5지역 1난이도 별 미션 보상 2,1,31051621,31051622,0,0,0,0,0
31051630,모험 5지역 1난이도 별 미션 보상 3,1,31051631,31051632,0,0,0,0,0
31051640,모험 5지역 1난이도 별 미션 보상 4,1,31051641,31051642,0,0,0,0,0
31051650,모험 5지역 1난이도 별 미션 보상 5,1,31051651,31051652,0,0,0,0,0
31061610,모험 6지역 1난이도 별 미션 보상 1,1,31061611,31061612,0,0,0,0,0
31061620,모험 6지역 1난이도 별 미션 보상 2,1,31061621,31061622,0,0,0,0,0
31061630,모험 6지역 1난이도 별 미션 보상 3,1,31061631,31061632,0,0,0,0,0
31061640,모험 6지역 1난이도 별 미션 보상 4,1,31061641,31061642,0,0,0,0,0
31061650,모험 6지역 1난이도 별 미션 보상 5,1,31061651,31061652,0,0,0,0,0
31071610,모험 7지역 1난이도 별 미션 보상 1,1,31071611,31071612,0,0,0,0,0
31071620,모험 7지역 1난이도 별 미션 보상 2,1,31071621,31071622,0,0,0,0,0
31071630,모험 7지역 1난이도 별 미션 보상 3,1,31071631,31071632,0,0,0,0,0
31071640,모험 7지역 1난이도 별 미션 보상 4,1,31071641,31071642,0,0,0,0,0
31071650,모험 7지역 1난이도 별 미션 보상 5,1,31071651,31071652,0,0,0,0,0
31081610,모험 8지역 1난이도 별 미션 보상 1,1,31081611,31081612,0,0,0,0,0
31081620,모험 8지역 1난이도 별 미션 보상 2,1,31081621,31081622,0,0,0,0,0
31081630,모험 8지역 1난이도 별 미션 보상 3,1,31081631,31081632,0,0,0,0,0
31081640,모험 8지역 1난이도 별 미션 보상 4,1,31081641,31081642,0,0,0,0,0
31081650,모험 8지역 1난이도 별 미션 보상 5,1,31081651,31081652,0,0,0,0,0
31091610,모험 9지역 1난이도 별 미션 보상 1,1,31091611,31091612,0,0,0,0,0
31091620,모험 9지역 1난이도 별 미션 보상 2,1,31091621,31091622,0,0,0,0,0
31091630,모험 9지역 1난이도 별 미션 보상 3,1,31091631,31091632,0,0,0,0,0
31091640,모험 9지역 1난이도 별 미션 보상 4,1,31091641,31091642,0,0,0,0,0
31091650,모험 9지역 1난이도 별 미션 보상 5,1,31091651,31091652,0,0,0,0,0
31101610,모험 10지역 1난이도 별 미션 보상 1,1,31101611,31101612,0,0,0,0,0
31101620,모험 10지역 1난이도 별 미션 보상 2,1,31101621,31101622,0,0,0,0,0
31101630,모험 10지역 1난이도 별 미션 보상 3,1,31101631,31101632,0,0,0,0,0
31101640,모험 10지역 1난이도 별 미션 보상 4,1,31101641,31101642,0,0,0,0,0
31101650,모험 10지역 1난이도 별 미션 보상 5,1,31101651,31101652,0,0,0,0,0
31111610,모험 11지역 1난이도 별 미션 보상 1,1,31111611,31111612,0,0,0,0,0
31111620,모험 11지역 1난이도 별 미션 보상 2,1,31111621,31111622,0,0,0,0,0
31111630,모험 11지역 1난이도 별 미션 보상 3,1,31111631,31111632,0,0,0,0,0
31111640,모험 11지역 1난이도 별 미션 보상 4,1,31111641,31111642,0,0,0,0,0
31111650,모험 11지역 1난이도 별 미션 보상 5,1,31111651,31111652,0,0,0,0,0
31012610,모험 1지역 2난이도 별 미션 보상 1,1,31012611,31012612,0,0,0,0,0
31012620,모험 1지역 2난이도 별 미션 보상 2,1,31012621,31012622,0,0,0,0,0
31012630,모험 1지역 2난이도 별 미션 보상 3,1,31012631,31012632,0,0,0,0,0
31012640,모험 1지역 2난이도 별 미션 보상 4,1,31012641,31012642,0,0,0,0,0
31012650,모험 1지역 2난이도 별 미션 보상 5,1,31012651,31012652,0,0,0,0,0
31022610,모험 2지역 2난이도 별 미션 보상 1,1,31022611,31022612,0,0,0,0,0
31022620,모험 2지역 2난이도 별 미션 보상 2,1,31022621,31022622,0,0,0,0,0
31022630,모험 2지역 2난이도 별 미션 보상 3,1,31022631,31022632,0,0,0,0,0
31022640,모험 2지역 2난이도 별 미션 보상 4,1,31022641,31022642,0,0,0,0,0
31022650,모험 2지역 2난이도 별 미션 보상 5,1,31022651,31022652,0,0,0,0,0
31032610,모험 3지역 2난이도 별 미션 보상 1,1,31032611,31032612,0,0,0,0,0
31032620,모험 3지역 2난이도 별 미션 보상 2,1,31032621,31032622,0,0,0,0,0
31032630,모험 3지역 2난이도 별 미션 보상 3,1,31032631,31032632,0,0,0,0,0
31032640,모험 3지역 2난이도 별 미션 보상 4,1,31032641,31032642,0,0,0,0,0
31032650,모험 3지역 2난이도 별 미션 보상 5,1,31032651,31032652,0,0,0,0,0
31042610,모험 4지역 2난이도 별 미션 보상 1,1,31042611,31042612,0,0,0,0,0
31042620,모험 4지역 2난이도 별 미션 보상 2,1,31042621,31042622,0,0,0,0,0
31042630,모험 4지역 2난이도 별 미션 보상 3,1,31042631,31042632,0,0,0,0,0
31042640,모험 4지역 2난이도 별 미션 보상 4,1,31042641,31042642,0,0,0,0,0
31042650,모험 4지역 2난이도 별 미션 보상 5,1,31042651,31042652,0,0,0,0,0
31052610,모험 5지역 2난이도 별 미션 보상 1,1,31052611,31052612,0,0,0,0,0
31052620,모험 5지역 2난이도 별 미션 보상 2,1,31052621,31052622,0,0,0,0,0
31052630,모험 5지역 2난이도 별 미션 보상 3,1,31052631,31052632,0,0,0,0,0
31052640,모험 5지역 2난이도 별 미션 보상 4,1,31052641,31052642,0,0,0,0,0
31052650,모험 5지역 2난이도 별 미션 보상 5,1,31052651,31052652,0,0,0,0,0
31062610,모험 6지역 2난이도 별 미션 보상 1,1,31062611,31062612,0,0,0,0,0
31062620,모험 6지역 2난이도 별 미션 보상 2,1,31062621,31062622,0,0,0,0,0
31062630,모험 6지역 2난이도 별 미션 보상 3,1,31062631,31062632,0,0,0,0,0
31062640,모험 6지역 2난이도 별 미션 보상 4,1,31062641,31062642,0,0,0,0,0
31062650,모험 6지역 2난이도 별 미션 보상 5,1,31062651,31062652,0,0,0,0,0
31072610,모험 7지역 2난이도 별 미션 보상 1,1,31072611,31072612,0,0,0,0,0
31072620,모험 7지역 2난이도 별 미션 보상 2,1,31072621,31072622,0,0,0,0,0
31072630,모험 7지역 2난이도 별 미션 보상 3,1,31072631,31072632,0,0,0,0,0
31072640,모험 7지역 2난이도 별 미션 보상 4,1,31072641,31072642,0,0,0,0,0
31072650,모험 7지역 2난이도 별 미션 보상 5,1,31072651,31072652,0,0,0,0,0
31082610,모험 8지역 2난이도 별 미션 보상 1,1,31082611,31082612,0,0,0,0,0
31082620,모험 8지역 2난이도 별 미션 보상 2,1,31082621,31082622,0,0,0,0,0
31082630,모험 8지역 2난이도 별 미션 보상 3,1,31082631,31082632,0,0,0,0,0
31082640,모험 8지역 2난이도 별 미션 보상 4,1,31082641,31082642,0,0,0,0,0
31082650,모험 8지역 2난이도 별 미션 보상 5,1,31082651,31082652,0,0,0,0,0
31092610,모험 9지역 2난이도 별 미션 보상 1,1,31092611,31092612,0,0,0,0,0
31092620,모험 9지역 2난이도 별 미션 보상 2,1,31092621,31092622,0,0,0,0,0
31092630,모험 9지역 2난이도 별 미션 보상 3,1,31092631,31092632,0,0,0,0,0
31092640,모험 9지역 2난이도 별 미션 보상 4,1,31092641,31092642,0,0,0,0,0
31092650,모험 9지역 2난이도 별 미션 보상 5,1,31092651,31092652,0,0,0,0,0
31102610,모험 10지역 2난이도 별 미션 보상 1,1,31102611,31102612,0,0,0,0,0
31102620,모험 10지역 2난이도 별 미션 보상 2,1,31102621,31102622,0,0,0,0,0
31102630,모험 10지역 2난이도 별 미션 보상 3,1,31102631,31102632,0,0,0,0,0
31102640,모험 10지역 2난이도 별 미션 보상 4,1,31102641,31102642,0,0,0,0,0
31102650,모험 10지역 2난이도 별 미션 보상 5,1,31102651,31102652,0,0,0,0,0
31112610,모험 11지역 2난이도 별 미션 보상 1,1,31112611,31112612,0,0,0,0,0
31112620,모험 11지역 2난이도 별 미션 보상 2,1,31112621,31112622,0,0,0,0,0
31112630,모험 11지역 2난이도 별 미션 보상 3,1,31112631,31112632,0,0,0,0,0
31112640,모험 11지역 2난이도 별 미션 보상 4,1,31112641,31112642,0,0,0,0,0
31112650,모험 11지역 2난이도 별 미션 보상 5,1,31112651,31112652,0,0,0,0,0
31013610,모험 1지역 3난이도 별 미션 보상 1,1,31013611,31013612,0,0,0,0,0
31013620,모험 1지역 3난이도 별 미션 보상 2,1,31013621,31013622,0,0,0,0,0
31013630,모험 1지역 3난이도 별 미션 보상 3,1,31013631,31013632,0,0,0,0,0
31013640,모험 1지역 3난이도 별 미션 보상 4,1,31013641,31013642,0,0,0,0,0
31013650,모험 1지역 3난이도 별 미션 보상 5,1,31013651,31013652,0,0,0,0,0
31023610,모험 2지역 3난이도 별 미션 보상 1,1,31023611,31023612,0,0,0,0,0
31023620,모험 2지역 3난이도 별 미션 보상 2,1,31023621,31023622,0,0,0,0,0
31023630,모험 2지역 3난이도 별 미션 보상 3,1,31023631,31023632,0,0,0,0,0
31023640,모험 2지역 3난이도 별 미션 보상 4,1,31023641,31023642,0,0,0,0,0
31023650,모험 2지역 3난이도 별 미션 보상 5,1,31023651,31023652,0,0,0,0,0
31033610,모험 3지역 3난이도 별 미션 보상 1,1,31033611,31033612,0,0,0,0,0
31033620,모험 3지역 3난이도 별 미션 보상 2,1,31033621,31033622,0,0,0,0,0
31033630,모험 3지역 3난이도 별 미션 보상 3,1,31033631,31033632,0,0,0,0,0
31033640,모험 3지역 3난이도 별 미션 보상 4,1,31033641,31033642,0,0,0,0,0
31033650,모험 3지역 3난이도 별 미션 보상 5,1,31033651,31033652,0,0,0,0,0
31043610,모험 4지역 3난이도 별 미션 보상 1,1,31043611,31043612,0,0,0,0,0
31043620,모험 4지역 3난이도 별 미션 보상 2,1,31043621,31043622,0,0,0,0,0
31043630,모험 4지역 3난이도 별 미션 보상 3,1,31043631,31043632,0,0,0,0,0
31043640,모험 4지역 3난이도 별 미션 보상 4,1,31043641,31043642,0,0,0,0,0
31043650,모험 4지역 3난이도 별 미션 보상 5,1,31043651,31043652,0,0,0,0,0
31053610,모험 5지역 3난이도 별 미션 보상 1,1,31053611,31053612,0,0,0,0,0
31053620,모험 5지역 3난이도 별 미션 보상 2,1,31053621,31053622,0,0,0,0,0
31053630,모험 5지역 3난이도 별 미션 보상 3,1,31053631,31053632,0,0,0,0,0
31053640,모험 5지역 3난이도 별 미션 보상 4,1,31053641,31053642,0,0,0,0,0
31053650,모험 5지역 3난이도 별 미션 보상 5,1,31053651,31053652,0,0,0,0,0
31063610,모험 6지역 3난이도 별 미션 보상 1,1,31063611,31063612,0,0,0,0,0
31063620,모험 6지역 3난이도 별 미션 보상 2,1,31063621,31063622,0,0,0,0,0
31063630,모험 6지역 3난이도 별 미션 보상 3,1,31063631,31063632,0,0,0,0,0
31063640,모험 6지역 3난이도 별 미션 보상 4,1,31063641,31063642,0,0,0,0,0
31063650,모험 6지역 3난이도 별 미션 보상 5,1,31063651,31063652,0,0,0,0,0
31073610,모험 7지역 3난이도 별 미션 보상 1,1,31073611,31073612,0,0,0,0,0
31073620,모험 7지역 3난이도 별 미션 보상 2,1,31073621,31073622,0,0,0,0,0
31073630,모험 7지역 3난이도 별 미션 보상 3,1,31073631,31073632,0,0,0,0,0
31073640,모험 7지역 3난이도 별 미션 보상 4,1,31073641,31073642,0,0,0,0,0
31073650,모험 7지역 3난이도 별 미션 보상 5,1,31073651,31073652,0,0,0,0,0
31083610,모험 8지역 3난이도 별 미션 보상 1,1,31083611,31083612,0,0,0,0,0
31083620,모험 8지역 3난이도 별 미션 보상 2,1,31083621,31083622,0,0,0,0,0
31083630,모험 8지역 3난이도 별 미션 보상 3,1,31083631,31083632,0,0,0,0,0
31083640,모험 8지역 3난이도 별 미션 보상 4,1,31083641,31083642,0,0,0,0,0
31083650,모험 8지역 3난이도 별 미션 보상 5,1,31083651,31083652,0,0,0,0,0
31093610,모험 9지역 3난이도 별 미션 보상 1,1,31093611,31093612,0,0,0,0,0
31093620,모험 9지역 3난이도 별 미션 보상 2,1,31093621,31093622,0,0,0,0,0
31093630,모험 9지역 3난이도 별 미션 보상 3,1,31093631,31093632,0,0,0,0,0
31093640,모험 9지역 3난이도 별 미션 보상 4,1,31093641,31093642,0,0,0,0,0
31093650,모험 9지역 3난이도 별 미션 보상 5,1,31093651,31093652,0,0,0,0,0
31103610,모험 10지역 3난이도 별 미션 보상 1,1,31103611,31103612,0,0,0,0,0
31103620,모험 10지역 3난이도 별 미션 보상 2,1,31103621,31103622,0,0,0,0,0
31103630,모험 10지역 3난이도 별 미션 보상 3,1,31103631,31103632,0,0,0,0,0
31103640,모험 10지역 3난이도 별 미션 보상 4,1,31103641,31103642,0,0,0,0,0
31103650,모험 10지역 3난이도 별 미션 보상 5,1,31103651,31103652,0,0,0,0,0
31113610,모험 11지역 3난이도 별 미션 보상 1,1,31113611,31113612,0,0,0,0,0
31113620,모험 11지역 3난이도 별 미션 보상 2,1,31113621,31113622,0,0,0,0,0
31113630,모험 11지역 3난이도 별 미션 보상 3,1,31113631,31113632,0,0,0,0,0
31113640,모험 11지역 3난이도 별 미션 보상 4,1,31113641,31113642,0,0,0,0,0
31113650,모험 11지역 3난이도 별 미션 보상 5,1,31113651,31113652,0,0,0,0,0
30050100,출석 1티어 1일차,1,30050101,0,0,0,0,0,0
30050110,출석 1티어 2일차,1,30050111,0,0,0,0,0,0
30050120,출석 1티어 3일차,1,30050121,0,0,0,0,0,0
30050130,출석 1티어 4일차,1,30050131,0,0,0,0,0,0
30050140,출석 1티어 5일차,1,30050141,0,0,0,0,0,0
30050150,출석 1티어 6일차,1,30050151,0,0,0,0,0,0
30050160,출석 1티어 7일차,1,30050161,0,0,0,0,0,0
30050170,출석 1티어 8일차,1,30050171,0,0,0,0,0,0
30050180,출석 1티어 9일차,1,30050181,0,0,0,0,0,0
30050190,출석 1티어 10일차,1,30050191,0,0,0,0,0,0
30050200,출석 2티어 1일차,1,30050201,0,0,0,0,0,0
30050210,출석 2티어 2일차,1,30050211,0,0,0,0,0,0
30050220,출석 2티어 3일차,1,30050221,0,0,0,0,0,0
30050230,출석 2티어 4일차,1,30050231,0,0,0,0,0,0
30050240,출석 2티어 5일차,1,30050241,0,0,0,0,0,0
30050250,출석 2티어 6일차,1,30050251,0,0,0,0,0,0
30050260,출석 2티어 7일차,1,30050261,0,0,0,0,0,0
30050270,출석 2티어 8일차,1,30050271,0,0,0,0,0,0
30050280,출석 2티어 9일차,1,30050281,0,0,0,0,0,0
30050290,출석 2티어 10일차,1,30050291,0,0,0,0,0,0
30050300,출석 3티어 1일차,1,30050301,0,0,0,0,0,0
30050310,출석 3티어 2일차,1,30050311,0,0,0,0,0,0
30050320,출석 3티어 3일차,1,30050321,0,0,0,0,0,0
30050330,출석 3티어 4일차,1,30050331,0,0,0,0,0,0
30050340,출석 3티어 5일차,1,30050341,0,0,0,0,0,0
30050350,출석 3티어 6일차,1,30050351,0,0,0,0,0,0
30050360,출석 3티어 7일차,1,30050361,0,0,0,0,0,0
30050370,출석 3티어 8일차,1,30050371,0,0,0,0,0,0
30050380,출석 3티어 9일차,1,30050381,0,0,0,0,0,0
30050390,출석 3티어 10일차,1,30050391,0,0,0,0,0,0
30050400,출석 4티어 1일차,1,30050401,0,0,0,0,0,0
30050410,출석 4티어 2일차,1,30050411,0,0,0,0,0,0
30050420,출석 4티어 3일차,1,30050421,0,0,0,0,0,0
30050430,출석 4티어 4일차,1,30050431,0,0,0,0,0,0
30050440,출석 4티어 5일차,1,30050441,0,0,0,0,0,0
30050450,출석 4티어 6일차,1,30050451,0,0,0,0,0,0
30050460,출석 4티어 7일차,1,30050461,0,0,0,0,0,0
30050470,출석 4티어 8일차,1,30050471,0,0,0,0,0,0
30050480,출석 4티어 9일차,1,30050481,0,0,0,0,0,0
30050490,출석 4티어 10일차,1,30050491,0,0,0,0,0,0
30050500,출석 5티어 1일차,1,30050501,0,0,0,0,0,0
30050510,출석 5티어 2일차,1,30050511,0,0,0,0,0,0
30050520,출석 5티어 3일차,1,30050521,0,0,0,0,0,0
30050530,출석 5티어 4일차,1,30050531,0,0,0,0,0,0
30050540,출석 5티어 5일차,1,30050541,0,0,0,0,0,0
30050550,출석 5티어 6일차,1,30050551,0,0,0,0,0,0
30050560,출석 5티어 7일차,1,30050561,0,0,0,0,0,0
30050570,출석 5티어 8일차,1,30050571,0,0,0,0,0,0
30050580,출석 5티어 9일차,1,30050581,0,0,0,0,0,0
30050590,출석 5티어 10일차,1,30050591,0,0,0,0,0,0
30000010,신규 유저 출석보상 1일차,1,30000011,0,0,0,0,0,0
30000020,신규 유저 출석보상 2일차,1,30000021,0,0,0,0,0,0
30000030,신규 유저 출석보상 3일차,1,30000031,0,0,0,0,0,0
30000040,신규 유저 출석보상 4일차,1,30000041,0,0,0,0,0,0
30000050,신규 유저 출석보상 5일차,1,30000051,0,0,0,0,0,0
30000060,신규 유저 출석보상 6일차,1,30000061,30000062,0,0,0,0,0
30000070,신규 유저 출석보상 7일차,1,30000071,30000072,30000073,0,0,0,0
34010100,다크네스트 1-1,1,34010110,34000110,34000120,0,0,0,0
34010200,다크네스트 1-2,1,34010210,34000210,34000220,0,0,0,0
34010300,다크네스트 1-3,1,34010310,34000310,34000320,0,0,0,0
34010400,다크네스트 1-4,1,34010410,34000410,34000420,0,0,0,0
34010500,다크네스트 1-5,1,34010510,34000510,34000520,0,0,0,0
34010600,다크네스트 1-6,1,34010610,34000610,34000620,0,0,0,0
34010700,다크네스트 1-7,1,34010710,34000710,34000720,0,0,0,0
34010800,다크네스트 1-8,1,34010810,34000810,34000820,0,0,0,0
34010900,다크네스트 1-9,1,34010910,34000910,34000920,0,0,0,0
34011000,다크네스트 1-10,1,34011010,34001010,34001020,0,0,0,0
34011100,다크네스트 1-11,1,34011110,34001110,34001120,0,0,0,0
34011200,다크네스트 1-12,1,34011210,34001210,34001220,0,0,0,0
34011300,다크네스트 1-13,1,34011310,34001310,34001320,0,0,0,0
34011400,다크네스트 1-14,1,34011410,34001410,34001420,0,0,0,0
34011500,다크네스트 1-15,1,34011510,34001510,34001520,0,0,0,0
34011600,다크네스트 1-16,1,34011610,34001610,34001620,0,0,0,0
34011700,다크네스트 1-17,1,34011710,34001710,34001720,0,0,0,0
34011800,다크네스트 1-18,1,34011810,34001810,34001820,0,0,0,0
34011900,다크네스트 1-19,1,34011910,34001910,34001920,0,0,0,0
34012000,다크네스트 1-20,1,34012010,34002010,34002020,0,0,0,0
34012100,다크네스트 1-21,1,34012110,34002110,34002120,0,0,0,0
34012200,다크네스트 1-22,1,34012210,34002210,34002220,0,0,0,0
34012300,다크네스트 1-23,1,34012310,34002310,34002320,0,0,0,0
34012400,다크네스트 1-24,1,34012410,34002410,34002420,0,0,0,0
34012500,다크네스트 1-25,1,34012510,34002510,34002520,0,0,0,0
34012600,다크네스트 1-26,1,34012610,34002610,34002620,0,0,0,0
34012700,다크네스트 1-27,1,34012710,34002710,34002720,0,0,0,0
34012800,다크네스트 1-28,1,34012810,34002810,34002820,0,0,0,0
34012900,다크네스트 1-29,1,34012910,34002910,34002920,0,0,0,0
34013000,다크네스트 1-30,1,34013010,34003010,34003020,0,0,0,0
34013100,다크네스트 1-31,1,34013110,34003110,34003120,0,0,0,0
34013200,다크네스트 1-32,1,34013210,34003210,34003220,0,0,0,0
34013300,다크네스트 1-33,1,34013310,34003310,34003320,0,0,0,0
34013400,다크네스트 1-34,1,34013410,34003410,34003420,0,0,0,0
34013500,다크네스트 1-35,1,34013510,34003510,34003520,0,0,0,0
34013600,다크네스트 1-36,1,34013610,34003610,34003620,0,0,0,0
34013700,다크네스트 1-37,1,34013710,34003710,34003720,0,0,0,0
34013800,다크네스트 1-38,1,34013810,34003810,34003820,0,0,0,0
34013900,다크네스트 1-39,1,34013910,34003910,34003920,0,0,0,0
34014000,다크네스트 1-40,1,34014010,34004010,34004020,0,0,0,0
34020100,다크네스트 2-1,1,34020110,34000110,34000120,0,0,0,0
34020200,다크네스트 2-2,1,34020210,34000210,34000220,0,0,0,0
34020300,다크네스트 2-3,1,34020310,34000310,34000320,0,0,0,0
34020400,다크네스트 2-4,1,34020410,34000410,34000420,0,0,0,0
34020500,다크네스트 2-5,1,34020510,34000510,34000520,0,0,0,0
34020600,다크네스트 2-6,1,34020610,34000610,34000620,0,0,0,0
34020700,다크네스트 2-7,1,34020710,34000710,34000720,0,0,0,0
34020800,다크네스트 2-8,1,34020810,34000810,34000820,0,0,0,0
34020900,다크네스트 2-9,1,34020910,34000910,34000920,0,0,0,0
34021000,다크네스트 2-10,1,34021010,34001010,34001020,0,0,0,0
34021100,다크네스트 2-11,1,34021110,34001110,34001120,0,0,0,0
34021200,다크네스트 2-12,1,34021210,34001210,34001220,0,0,0,0
34021300,다크네스트 2-13,1,34021310,34001310,34001320,0,0,0,0
34021400,다크네스트 2-14,1,34021410,34001410,34001420,0,0,0,0
34021500,다크네스트 2-15,1,34021510,34001510,34001520,0,0,0,0
34021600,다크네스트 2-16,1,34021610,34001610,34001620,0,0,0,0
34021700,다크네스트 2-17,1,34021710,34001710,34001720,0,0,0,0
34021800,다크네스트 2-18,1,34021810,34001810,34001820,0,0,0,0
34021900,다크네스트 2-19,1,34021910,34001910,34001920,0,0,0,0
34022000,다크네스트 2-20,1,34022010,34002010,34002020,0,0,0,0
34022100,다크네스트 2-21,1,34022110,34002110,34002120,0,0,0,0
34022200,다크네스트 2-22,1,34022210,34002210,34002220,0,0,0,0
34022300,다크네스트 2-23,1,34022310,34002310,34002320,0,0,0,0
34022400,다크네스트 2-24,1,34022410,34002410,34002420,0,0,0,0
34022500,다크네스트 2-25,1,34022510,34002510,34002520,0,0,0,0
34022600,다크네스트 2-26,1,34022610,34002610,34002620,0,0,0,0
34022700,다크네스트 2-27,1,34022710,34002710,34002720,0,0,0,0
34022800,다크네스트 2-28,1,34022810,34002810,34002820,0,0,0,0
34022900,다크네스트 2-29,1,34022910,34002910,34002920,0,0,0,0
34023000,다크네스트 2-30,1,34023010,34003010,34003020,0,0,0,0
34023100,다크네스트 2-31,1,34023110,34003110,34003120,0,0,0,0
34023200,다크네스트 2-32,1,34023210,34003210,34003220,0,0,0,0
34023300,다크네스트 2-33,1,34023310,34003310,34003320,0,0,0,0
34023400,다크네스트 2-34,1,34023410,34003410,34003420,0,0,0,0
34023500,다크네스트 2-35,1,34023510,34003510,34003520,0,0,0,0
34023600,다크네스트 2-36,1,34023610,34003610,34003620,0,0,0,0
34023700,다크네스트 2-37,1,34023710,34003710,34003720,0,0,0,0
34023800,다크네스트 2-38,1,34023810,34003810,34003820,0,0,0,0
34023900,다크네스트 2-39,1,34023910,34003910,34003920,0,0,0,0
34024000,다크네스트 2-40,1,34024010,34004010,34004020,0,0,0,0
34030100,다크네스트 3-1,1,34030110,34000110,34000120,0,0,0,0
34030200,다크네스트 3-2,1,34030210,34000210,34000220,0,0,0,0
34030300,다크네스트 3-3,1,34030310,34000310,34000320,0,0,0,0
34030400,다크네스트 3-4,1,34030410,34000410,34000420,0,0,0,0
34030500,다크네스트 3-5,1,34030510,34000510,34000520,0,0,0,0
34030600,다크네스트 3-6,1,34030610,34000610,34000620,0,0,0,0
34030700,다크네스트 3-7,1,34030710,34000710,34000720,0,0,0,0
34030800,다크네스트 3-8,1,34030810,34000810,34000820,0,0,0,0
34030900,다크네스트 3-9,1,34030910,34000910,34000920,0,0,0,0
34031000,다크네스트 3-10,1,34031010,34001010,34001020,0,0,0,0
34031100,다크네스트 3-11,1,34031110,34001110,34001120,0,0,0,0
34031200,다크네스트 3-12,1,34031210,34001210,34001220,0,0,0,0
34031300,다크네스트 3-13,1,34031310,34001310,34001320,0,0,0,0
34031400,다크네스트 3-14,1,34031410,34001410,34001420,0,0,0,0
34031500,다크네스트 3-15,1,34031510,34001510,34001520,0,0,0,0
34031600,다크네스트 3-16,1,34031610,34001610,34001620,0,0,0,0
34031700,다크네스트 3-17,1,34031710,34001710,34001720,0,0,0,0
34031800,다크네스트 3-18,1,34031810,34001810,34001820,0,0,0,0
34031900,다크네스트 3-19,1,34031910,34001910,34001920,0,0,0,0
34032000,다크네스트 3-20,1,34032010,34002010,34002020,0,0,0,0
34032100,다크네스트 3-21,1,34032110,34002110,34002120,0,0,0,0
34032200,다크네스트 3-22,1,34032210,34002210,34002220,0,0,0,0
34032300,다크네스트 3-23,1,34032310,34002310,34002320,0,0,0,0
34032400,다크네스트 3-24,1,34032410,34002410,34002420,0,0,0,0
34032500,다크네스트 3-25,1,34032510,34002510,34002520,0,0,0,0
34032600,다크네스트 3-26,1,34032610,34002610,34002620,0,0,0,0
34032700,다크네스트 3-27,1,34032710,34002710,34002720,0,0,0,0
34032800,다크네스트 3-28,1,34032810,34002810,34002820,0,0,0,0
34032900,다크네스트 3-29,1,34032910,34002910,34002920,0,0,0,0
34033000,다크네스트 3-30,1,34033010,34003010,34003020,0,0,0,0
34033100,다크네스트 3-31,1,34033110,34003110,34003120,0,0,0,0
34033200,다크네스트 3-32,1,34033210,34003210,34003220,0,0,0,0
34033300,다크네스트 3-33,1,34033310,34003310,34003320,0,0,0,0
34033400,다크네스트 3-34,1,34033410,34003410,34003420,0,0,0,0
34033500,다크네스트 3-35,1,34033510,34003510,34003520,0,0,0,0
34033600,다크네스트 3-36,1,34033610,34003610,34003620,0,0,0,0
34033700,다크네스트 3-37,1,34033710,34003710,34003720,0,0,0,0
34033800,다크네스트 3-38,1,34033810,34003810,34003820,0,0,0,0
34033900,다크네스트 3-39,1,34033910,34003910,34003920,0,0,0,0
34034000,다크네스트 3-40,1,34034010,34004010,34004020,0,0,0,0
34040100,다크네스트 4-1,1,34040110,34000110,34000120,0,0,0,0
34040200,다크네스트 4-2,1,34040210,34000210,34000220,0,0,0,0
34040300,다크네스트 4-3,1,34040310,34000310,34000320,0,0,0,0
34040400,다크네스트 4-4,1,34040410,34000410,34000420,0,0,0,0
34040500,다크네스트 4-5,1,34040510,34000510,34000520,0,0,0,0
34040600,다크네스트 4-6,1,34040610,34000610,34000620,0,0,0,0
34040700,다크네스트 4-7,1,34040710,34000710,34000720,0,0,0,0
34040800,다크네스트 4-8,1,34040810,34000810,34000820,0,0,0,0
34040900,다크네스트 4-9,1,34040910,34000910,34000920,0,0,0,0
34041000,다크네스트 4-10,1,34041010,34001010,34001020,0,0,0,0
34041100,다크네스트 4-11,1,34041110,34001110,34001120,0,0,0,0
34041200,다크네스트 4-12,1,34041210,34001210,34001220,0,0,0,0
34041300,다크네스트 4-13,1,34041310,34001310,34001320,0,0,0,0
34041400,다크네스트 4-14,1,34041410,34001410,34001420,0,0,0,0
34041500,다크네스트 4-15,1,34041510,34001510,34001520,0,0,0,0
34041600,다크네스트 4-16,1,34041610,34001610,34001620,0,0,0,0
34041700,다크네스트 4-17,1,34041710,34001710,34001720,0,0,0,0
34041800,다크네스트 4-18,1,34041810,34001810,34001820,0,0,0,0
34041900,다크네스트 4-19,1,34041910,34001910,34001920,0,0,0,0
34042000,다크네스트 4-20,1,34042010,34002010,34002020,0,0,0,0
34042100,다크네스트 4-21,1,34042110,34002110,34002120,0,0,0,0
34042200,다크네스트 4-22,1,34042210,34002210,34002220,0,0,0,0
34042300,다크네스트 4-23,1,34042310,34002310,34002320,0,0,0,0
34042400,다크네스트 4-24,1,34042410,34002410,34002420,0,0,0,0
34042500,다크네스트 4-25,1,34042510,34002510,34002520,0,0,0,0
34042600,다크네스트 4-26,1,34042610,34002610,34002620,0,0,0,0
34042700,다크네스트 4-27,1,34042710,34002710,34002720,0,0,0,0
34042800,다크네스트 4-28,1,34042810,34002810,34002820,0,0,0,0
34042900,다크네스트 4-29,1,34042910,34002910,34002920,0,0,0,0
34043000,다크네스트 4-30,1,34043010,34003010,34003020,0,0,0,0
34043100,다크네스트 4-31,1,34043110,34003110,34003120,0,0,0,0
34043200,다크네스트 4-32,1,34043210,34003210,34003220,0,0,0,0
34043300,다크네스트 4-33,1,34043310,34003310,34003320,0,0,0,0
34043400,다크네스트 4-34,1,34043410,34003410,34003420,0,0,0,0
34043500,다크네스트 4-35,1,34043510,34003510,34003520,0,0,0,0
34043600,다크네스트 4-36,1,34043610,34003610,34003620,0,0,0,0
34043700,다크네스트 4-37,1,34043710,34003710,34003720,0,0,0,0
34043800,다크네스트 4-38,1,34043810,34003810,34003820,0,0,0,0
34043900,다크네스트 4-39,1,34043910,34003910,34003920,0,0,0,0
34044000,다크네스트 4-40,1,34044010,34004010,34004020,0,0,0,0
34050100,다크네스트 5-1,1,34050110,34000110,34000120,0,0,0,0
34050200,다크네스트 5-2,1,34050210,34000210,34000220,0,0,0,0
34050300,다크네스트 5-3,1,34050310,34000310,34000320,0,0,0,0
34050400,다크네스트 5-4,1,34050410,34000410,34000420,0,0,0,0
34050500,다크네스트 5-5,1,34050510,34000510,34000520,0,0,0,0
34050600,다크네스트 5-6,1,34050610,34000610,34000620,0,0,0,0
34050700,다크네스트 5-7,1,34050710,34000710,34000720,0,0,0,0
34050800,다크네스트 5-8,1,34050810,34000810,34000820,0,0,0,0
34050900,다크네스트 5-9,1,34050910,34000910,34000920,0,0,0,0
34051000,다크네스트 5-10,1,34051010,34001010,34001020,0,0,0,0
34051100,다크네스트 5-11,1,34051110,34001110,34001120,0,0,0,0
34051200,다크네스트 5-12,1,34051210,34001210,34001220,0,0,0,0
34051300,다크네스트 5-13,1,34051310,34001310,34001320,0,0,0,0
34051400,다크네스트 5-14,1,34051410,34001410,34001420,0,0,0,0
34051500,다크네스트 5-15,1,34051510,34001510,34001520,0,0,0,0
34051600,다크네스트 5-16,1,34051610,34001610,34001620,0,0,0,0
34051700,다크네스트 5-17,1,34051710,34001710,34001720,0,0,0,0
34051800,다크네스트 5-18,1,34051810,34001810,34001820,0,0,0,0
34051900,다크네스트 5-19,1,34051910,34001910,34001920,0,0,0,0
34052000,다크네스트 5-20,1,34052010,34002010,34002020,0,0,0,0
34052100,다크네스트 5-21,1,34052110,34002110,34002120,0,0,0,0
34052200,다크네스트 5-22,1,34052210,34002210,34002220,0,0,0,0
34052300,다크네스트 5-23,1,34052310,34002310,34002320,0,0,0,0
34052400,다크네스트 5-24,1,34052410,34002410,34002420,0,0,0,0
34052500,다크네스트 5-25,1,34052510,34002510,34002520,0,0,0,0
34052600,다크네스트 5-26,1,34052610,34002610,34002620,0,0,0,0
34052700,다크네스트 5-27,1,34052710,34002710,34002720,0,0,0,0
34052800,다크네스트 5-28,1,34052810,34002810,34002820,0,0,0,0
34052900,다크네스트 5-29,1,34052910,34002910,34002920,0,0,0,0
34053000,다크네스트 5-30,1,34053010,34003010,34003020,0,0,0,0
34053100,다크네스트 5-31,1,34053110,34003110,34003120,0,0,0,0
34053200,다크네스트 5-32,1,34053210,34003210,34003220,0,0,0,0
34053300,다크네스트 5-33,1,34053310,34003310,34003320,0,0,0,0
34053400,다크네스트 5-34,1,34053410,34003410,34003420,0,0,0,0
34053500,다크네스트 5-35,1,34053510,34003510,34003520,0,0,0,0
34053600,다크네스트 5-36,1,34053610,34003610,34003620,0,0,0,0
34053700,다크네스트 5-37,1,34053710,34003710,34003720,0,0,0,0
34053800,다크네스트 5-38,1,34053810,34003810,34003820,0,0,0,0
34053900,다크네스트 5-39,1,34053910,34003910,34003920,0,0,0,0
34054000,다크네스트 5-40,1,34054010,34004010,34004020,0,0,0,0
35000100,무한의 탑 (1~4층),1,35000110,35000120,35000140,0,0,0,0
35000600,무한의 탑 (6~9층),1,35000610,35000620,35000640,0,0,0,0
35001100,무한의 탑 (11~14층),1,35001110,35001120,35001140,0,0,0,0
35001600,무한의 탑 (16~19층),1,35001610,35001620,35001640,0,0,0,0
35002100,무한의 탑 (21~24층),1,35002110,35002120,35002140,0,0,0,0
35002600,무한의 탑 (26~29층),1,35002610,35002620,35002640,0,0,0,0
35003100,무한의 탑 (31~34층),1,35003110,35003120,35003140,0,0,0,0
35003600,무한의 탑 (36~39층),1,35003610,35003620,35003640,0,0,0,0
35004100,무한의 탑 (41~44층),1,35004110,35004120,35004140,0,0,0,0
35004600,무한의 탑 (46~49층),1,35004610,35004620,35004640,0,0,0,0
35005100,무한의 탑 (51~54층),1,35005110,35005120,35005140,0,0,0,0
35005600,무한의 탑 (56~59층),1,35005610,35005620,35005640,0,0,0,0
35006100,무한의 탑 (61~64층),1,35006110,35006120,35006140,0,0,0,0
35006600,무한의 탑 (66~69층),1,35006610,35006620,35006640,0,0,0,0
35007100,무한의 탑 (71~74층),1,35007110,35007120,35007140,0,0,0,0
35007600,무한의 탑 (76~79층),1,35007610,35007620,35007640,0,0,0,0
35008100,무한의 탑 (81~84층),1,35008110,35008120,35008140,0,0,0,0
35008600,무한의 탑 (86~89층),1,35008610,35008620,35008640,0,0,0,0
35009100,무한의 탑 (91~94층),1,35009110,35009120,35009140,0,0,0,0
35009600,무한의 탑 (96~99층),1,35009610,35009620,35009640,0,0,0,0
35000500,무한의 탑 (5층),1,35000110,35000120,35000530,0,0,0,0
35001000,무한의 탑 (10층),1,35000610,35000620,35001030,0,0,0,0
35001500,무한의 탑 (15층),1,35001110,35001120,35001530,0,0,0,0
35002000,무한의 탑 (20층),1,35001610,35001620,35002030,0,0,0,0
35002500,무한의 탑 (25층),1,35002110,35002120,35002530,0,0,0,0
35003000,무한의 탑 (30층),1,35002610,35002620,35003030,0,0,0,0
35003500,무한의 탑 (35층),1,35003110,35003120,35003530,0,0,0,0
35004000,무한의 탑 (40층),1,35003610,35003620,35004030,0,0,0,0
35004500,무한의 탑 (45층),1,35004110,35004120,35004530,0,0,0,0
35005000,무한의 탑 (50층),1,35004610,35004620,35005030,0,0,0,0
35005500,무한의 탑 (55층),1,35005110,35005120,35005530,0,0,0,0
35006000,무한의 탑 (60층),1,35005610,35005620,35006030,0,0,0,0
35006500,무한의 탑 (65층),1,35006110,35006120,35006530,0,0,0,0
35007000,무한의 탑 (70층),1,35006610,35006620,35007030,0,0,0,0
35007500,무한의 탑 (75층),1,35007110,35007120,35007530,0,0,0,0
35008000,무한의 탑 (80층),1,35007610,35007620,35008030,0,0,0,0
35008500,무한의 탑 (85층),1,35008110,35008120,35008530,0,0,0,0
35009000,무한의 탑 (90층),1,35008610,35008620,35009030,0,0,0,0
35009500,무한의 탑 (95층),1,35009110,35009120,35009530,0,0,0,0
35010000,무한의 탑 (100층),1,35009610,35009620,35010030,0,0,0,0
30071000,1성 영웅 도감 개별 영웅 보상,1,30071010,30071020,0,0,0,0,0
30072000,2성 영웅 도감 개별 영웅 보상,1,30072010,30072020,0,0,0,0,0
30073000,3성 영웅 도감 개별 영웅 보상,1,30073010,30073020,0,0,0,0,0
30071100,1성 영웅 도감 컬렉션 1 보상,1,30071110,30071120,30071130,0,0,0,0
30071200,1성 영웅 도감 컬렉션 2 보상,1,30071210,30071220,30071230,0,0,0,0
30071300,1성 영웅 도감 컬렉션 3 보상,1,30071310,30071320,30071330,0,0,0,0
30071400,1성 영웅 도감 컬렉션 4 보상,1,30071410,30071420,30071430,0,0,0,0
30072100,2성 영웅 도감 컬렉션 1 보상,1,30072110,30072120,30072130,0,0,0,0
30072200,2성 영웅 도감 컬렉션 2 보상,1,30072210,30072220,30072230,0,0,0,0
30072300,2성 영웅 도감 컬렉션 3 보상,1,30072310,30072320,30072330,0,0,0,0
30072400,2성 영웅 도감 컬렉션 4 보상,1,30072410,30072420,30072430,0,0,0,0
30073100,3성 영웅 도감 컬렉션 1 보상,1,30073110,30073120,30073130,0,0,0,0
30073200,3성 영웅 도감 컬렉션 2 보상,1,30073210,30073220,30073230,0,0,0,0
30073300,3성 영웅 도감 컬렉션 3 보상,1,30073310,30073320,30073330,0,0,0,0
30073400,3성 영웅 도감 컬렉션 4 보상,1,30073410,30073420,30073430,0,0,0,0
30080100,길드 승부 보상1,1,30080110,30080120,30080130,0,0,0,0
30080200,길드 승부 보상2,1,30080210,30080220,30080230,0,0,0,0
30080300,길드 승부 보상3,1,30080310,30080320,30080330,0,0,0,0
30080400,길드 승부 보상4,1,30080410,30080420,30080430,0,0,0,0
30080500,길드 승부 보상5,1,30080510,30080520,30080530,0,0,0,0
30080600,길드 승부 보상6,1,30080610,30080620,30080630,0,0,0,0
30080700,길드 승부 보상7,1,30080710,30080720,30080730,0,0,0,0
30080800,길드 승부 보상8,1,30080810,30080820,30080830,0,0,0,0
30080900,길드 승부 보상9,1,30080910,30080920,30080930,0,0,0,0
30081000,길드 승부 보상10,1,30081010,30081020,30081030,0,0,0,0
30081100,길드 승부 보상11,1,30081110,30081120,30081130,0,0,0,0
30081200,길드 승부 보상12,1,30081210,30081220,30081230,0,0,0,0
30081300,길드 승부 보상13,1,30081310,30081320,30081330,0,0,0,0
30081400,길드 승부 보상14,1,30081410,30081420,30081430,0,0,0,0
30081500,길드 승부 보상15,1,30081510,30081520,30081530,0,0,0,0
30081600,길드 승부 보상16,1,30081610,30081620,30081630,0,0,0,0
30081700,길드 승부 보상17,1,30081710,30081720,30081730,0,0,0,0
30081800,길드 승부 보상18,1,30081810,30081820,30081830,0,0,0,0
30081900,길드 승부 보상19,1,30081910,30081920,30081930,0,0,0,0
30082000,길드 승부 보상20,1,30082010,30082020,30082030,0,0,0,0
30000400,영지 애드벌룬 보상,1,30000410,30000411,30000412,30000413,0,0,0