group_id,help,table,item_id,qty_min,qty_max
31000711,이벤트 획득 랜덤 스킬(전용 스킬 제외),2,20002001,1,1
31000711,이벤트 획득 랜덤 스킬(전용 스킬 제외),2,21120011,1,1
31000711,이벤트 획득 랜덤 스킬(전용 스킬 제외),2,21150011,1,1
31000711,이벤트 획득 랜덤 스킬(전용 스킬 제외),2,21150012,1,1
31000711,이벤트 획득 랜덤 스킬(전용 스킬 제외),2,21120021,1,1
31000711,이벤트 획득 랜덤 스킬(전용 스킬 제외),2,21120022,1,1
31000711,이벤트 획득 랜덤 스킬(전용 스킬 제외),2,21140021,1,1
31000711,이벤트 획득 랜덤 스킬(전용 스킬 제외),2,21140022,1,1
31000711,이벤트 획득 랜덤 스킬(전용 스킬 제외),2,21130031,1,1
31000711,이벤트 획득 랜덤 스킬(전용 스킬 제외),2,21130032,1,1
31000711,이벤트 획득 랜덤 스킬(전용 스킬 제외),2,21140031,1,1
31000711,이벤트 획득 랜덤 스킬(전용 스킬 제외),2,21140032,1,1
31000711,이벤트 획득 랜덤 스킬(전용 스킬 제외),2,21110041,1,1
31000711,이벤트 획득 랜덤 스킬(전용 스킬 제외),2,21110042,1,1
31000711,이벤트 획득 랜덤 스킬(전용 스킬 제외),2,21120041,1,1
31000711,이벤트 획득 랜덤 스킬(전용 스킬 제외),2,21120042,1,1
31000711,이벤트 획득 랜덤 스킬(전용 스킬 제외),2,21130041,1,1
31000711,이벤트 획득 랜덤 스킬(전용 스킬 제외),2,21130042,1,1
30010201,그리스 (1성),1,10111000,1,1
30010201,액스바바리안 (1성),1,10112000,1,1
30010201,아머스커트 (1성),1,10113000,1,1
30010201,근육미남 (1성),1,10114000,1,1
30010201,남자팔라딘 (1성),1,10121000,1,1
30010201,홀리나이트 (엘리트) (1성),1,10123000,1,1
30010201,웨스턴 (1성),1,10132000,1,1
30010201,해적 (1성),1,10132010,1,1
30010201,크로스보우먼 (1성),1,10133000,1,1
30010201,악마사냥꾼 (1성),1,10135000,1,1
30010201,공중법사(구체마법사) (1성),1,10142000,1,1
30010201,스텝 화이트 (1성),1,10143000,1,1
30010201,모자마법사 (1성),1,10144000,1,1
30010201,수녀 (1성),1,10151000,1,1
30010201,메이드 (1성),1,10155000,1,1
30010201,밤씨프 (1성),1,10163000,1,1
30010201,쌍단검 (1성),1,10165000,1,1
30010202,라이언레더 (2성),1,10211000,1,1
30010202,격투가(핸드파이터) (2성),1,10212000,1,1
30010202,라쿤(전사) (2성),1,10213000,1,1
30010202,동양격투가 (2성),1,10215000,1,1
30010202,호랑이 (2성),1,10215010,1,1
30010202,엘프 격투가 (2성),1,10215020,1,1
30010202,흑인 여전사 (2성),1,10234000,1,1
30010202,고양이 전사(2성),1,10214000,1,1
30010202,단발팔라딘 (2성),1,10221020,1,1
30010202,라쿤(기사) (2성),1,10222000,1,1
30010202,엘프남 (2성),1,10223000,1,1
30010202,사자 (2성),1,10223010,1,1
30010202,발키리 (2성),1,10224000,1,1
30010202,투구흑기사 (2성),1,10225000,1,1
30010202,고양이 기사 (2성),1,10224010,1,1
30010202,라쿤(헌터) (2성),1,10231000,1,1
30010202,카우걸 (2성),1,10231010,1,1
30010202,해군장교 (2성),1,10232020,1,1
30010202,레이피어검사(블루) (2성),1,10232030,1,1
30010202,아쳐걸(소녀 궁수) (2성),1,10233000,1,1
30010202,아마존 (2성),1,10233010,1,1
30010202,한푸검사 (2성),1,10234010,1,1
30010202,기모노검사 (2성),1,10234020,1,1
30010202,갓 쓴 무사 (2성),1,10235010,1,1
30010202,고양이 헌터(2성),1,10235000,1,1
30010202,라쿤(마법사) (2성),1,10241000,1,1
30010202,아랍댄서(불) (2성),1,10241010,1,1
30010202,엘프소녀마법사 (2성),1,10242010,1,1
30010202,치파오(물) (2성),1,10242020,1,1
30010202,풀마법사 (2성),1,10243010,1,1
30010202,빛마법사 (2성),1,10244010,1,1
30010202,점성 술사 (2성),1,10145000,1,1
30010202,고양이 마법사 (2성),1,10243000,1,1
30010202,귀족소녀 (2성),1,10251010,1,1
30010202,워터크라운(물속성 왕관) (2성),1,10252000,1,1
30010202,페어리 (물) (2성),1,10252010,1,1
30010202,바드 (2성),1,10253010,1,1
30010202,라쿤(사제) (2성),1,10254000,1,1
30010202,고양이 힐러 (2성),1,10251000,1,1
30010202,서큐버스 (2성),1,10261010,1,1
30010202,쿠노이치 (2성),1,10262000,1,1
30010202,레더윕(채찍) (2성),1,10263000,1,1
30010202,라쿤(로그) (2성),1,10265000,1,1
30010202,고양이 로그 (2성),1,10262010,1,1
30010203,아프리카창전사 (3성),1,10311020,1,1
30010203,부엉이(전사) (3성),1,10312000,1,1
30010203,바바리안여 (3성),1,10313000,1,1
30010203,창기사 (3성),1,10221000,1,1
30010203,부엉이(팔라딘) (3성),1,10321000,1,1
30010203,날개기사 (3성),1,10324000,1,1
30010203,여신 아처 (3성),1,10232000,1,1
30010203,늑대궁수 (3성),1,10332010,1,1
30010203,부엉이(헌터) (3성),1,10333000,1,1
30010203,불 마법사 (3성),1,10341010,1,1
30010203,물마법사 (3성),1,10342000,1,1
30010203,부엉이(마법사) (3성),1,10343000,1,1
30010203,이집트 (3성),1,10242000,1,1
30010203,여왕 (3성),1,10244000,1,1
30010203,낫법사 (3성),1,10245000,1,1
30010203,흑마법여왕 (3성),1,10345010,1,1
30010203,그리스 여신 (3성),1,10154000,1,1
30010203,부엉이(사제) (3성),1,10354000,1,1
30010203,프리스트 (3성),1,10355000,1,1
30010203,쌍검 악마 (3성),1,10261000,1,1
30010203,부엉이(로그) (3성),1,10365000,1,1
30010203,손톱어쌔신 (3성),1,10365010,1,1
30010204,사용하고 있지 않는 그룹 ID (전 4성 영웅),1,10365000,1,1
30010206,이벤트 2성 영웅 (라쿤),1,10213000,1,1
30010206,이벤트 2성 영웅 (라쿤),1,10222000,1,1
30010206,이벤트 2성 영웅 (라쿤),1,10231000,1,1
30010206,이벤트 2성 영웅 (라쿤),1,10241000,1,1
30010206,이벤트 2성 영웅 (라쿤),1,10254000,1,1
30010206,이벤트 2성 영웅 (라쿤),1,10265000,1,1
30010207,이벤트 3성 영웅 : 부엉이(로그),1,10365000,1,1
30010208,사용하고 있지 않는 그룹 ID (전 이벤트 4성 영웅),1,10365000,1,1
30010211,1성 영웅(불속성),1,10111000,1,1
30010211,1성 영웅(불속성),1,10121000,1,1
30010212,2성 영웅(불속성),1,10211000,1,1
30010212,2성 영웅(불속성),1,10212000,1,1
30010212,2성 영웅(불속성),1,10221020,1,1
30010212,2성 영웅(불속성),1,10231000,1,1
30010213,3성 영웅(불속성),1,10311020,1,1
30010213,3성 영웅(불속성),1,10242000,1,1
30010213,3성 영웅(불속성),1,10261000,1,1
30010213,3성 영웅(불속성),1,10341010,1,1
30010221,1성 영웅(물속성),1,10112000,1,1
30010221,1성 영웅(물속성),1,10132010,1,1
30010222,2성 영웅(물속성),1,10222000,1,1
30010222,2성 영웅(물속성),1,10232020,1,1
30010222,2성 영웅(물속성),1,10232030,1,1
30010222,2성 영웅(물속성),1,10242010,1,1
30010223,3성 영웅(물속성),1,10312000,1,1
30010223,3성 영웅(물속성),1,10332010,1,1
30010223,3성 영웅(물속성),1,10342000,1,1
30010223,3성 영웅(물속성),1,10365000,1,1
30010231,1성 영웅(풀속성),1,10132000,1,1
30010231,1성 영웅(풀속성),1,10133000,1,1
30010232,2성 영웅(풀속성),1,10213000,1,1
30010232,2성 영웅(풀속성),1,10223000,1,1
30010232,2성 영웅(풀속성),1,10233000,1,1
30010232,2성 영웅(풀속성),1,10243010,1,1
30010232,2성 영웅(풀속성),1,10253010,1,1
30010233,3성 영웅(풀속성),1,10313000,1,1
30010233,3성 영웅(풀속성),1,10333000,1,1
30010233,3성 영웅(풀속성),1,10154000,1,1
30010241,1성 영웅(빛속성),1,10114000,1,1
30010241,1성 영웅(빛속성),1,10142000,1,1
30010242,2성 영웅(빛속성),1,10224000,1,1
30010242,2성 영웅(빛속성),1,10234000,1,1
30010242,2성 영웅(빛속성),1,10254000,1,1
30010242,2성 영웅(빛속성),1,10263000,1,1
30010243,3성 영웅(빛속성),1,10221000,1,1
30010243,3성 영웅(빛속성),1,10232000,1,1
30010243,3성 영웅(빛속성),1,10244000,1,1
30010243,3성 영웅(빛속성),1,10354000,1,1
30010251,1성 영웅(어둠속성),1,10135000,1,1
30010251,1성 영웅(어둠속성),1,10144000,1,1
30010252,2성 영웅(어둠속성),1,10215010,1,1
30010252,2성 영웅(어둠속성),1,10215020,1,1
30010252,2성 영웅(어둠속성),1,10235010,1,1
30010252,2성 영웅(어둠속성),1,10145000,1,1
30010253,2성 영웅(어둠속성),1,10343000,1,1
30010253,2성 영웅(어둠속성),1,10245000,1,1
30010253,2성 영웅(어둠속성),1,10355000,1,1
30010253,2성 영웅(어둠속성),1,10365010,1,1
30010101,배틀 아이템 1성,3,60000101,1,1
30010101,배틀 아이템 1성,3,60000102,1,1
30010101,배틀 아이템 1성,3,60000103,1,1
30010101,배틀 아이템 1성,3,60000104,1,1
30010101,배틀 아이템 1성,3,60000105,1,1
30010102,배틀 아이템 2성,3,60000106,1,1
30010102,배틀 아이템 2성,3,60000107,1,1
30010102,배틀 아이템 2성,3,60000108,1,1
30010102,배틀 아이템 2성,3,60000109,1,1
30010102,배틀 아이템 2성,3,60000110,1,1
30010102,배틀 아이템 2성,3,60000111,1,1
30010102,배틀 아이템 2성,3,60000112,1,1
30010102,배틀 아이템 2성,3,60000113,1,1
30010102,배틀 아이템 3성,3,60000123,1,1
30010301,공용 스킬1,2,20002001,1,1
30010301,공용 스킬1,2,21120011,1,1
30010301,공용 스킬1,2,21150011,1,1
30010301,공용 스킬1,2,21150012,1,1
30010301,공용 스킬1,2,21120021,1,1
30010301,공용 스킬1,2,21120022,1,1
30010301,공용 스킬1,2,21140021,1,1
30010301,공용 스킬1,2,21140022,1,1
30010301,공용 스킬1,2,21130031,1,1
30010301,공용 스킬1,2,21130032,1,1
30010301,공용 스킬1,2,21140031,1,1
30010301,공용 스킬1,2,21140032,1,1
30010301,공용 스킬1,2,21110041,1,1
30010301,공용 스킬1,2,21110042,1,1
30010301,공용 스킬1,2,21120041,1,1
30010301,공용 스킬1,2,21120042,1,1
30010301,공용 스킬1,2,21130041,1,1
30010301,공용 스킬1,2,21130042,1,1
30010301,공용 스킬1,2,21150041,1,1
30010301,공용 스킬1,2,21150042,1,1
30010301,공용 스킬1,2,21110051,1,1
30010301,공용 스킬1,2,21110052,1,1
30010301,공용 스킬1,2,21120051,1,1
30010301,공용 스킬1,2,21120052,1,1
30010301,공용 스킬1,2,21130051,1,1
30010301,공용 스킬1,2,21130052,1,1
30010301,공용 스킬1,2,21140051,1,1
30010301,공용 스킬1,2,21140052,1,1
30010301,공용 스킬1,2,21110061,1,1
30010301,공용 스킬1,2,21110062,1,1
30010301,공용 스킬1,2,21130061,1,1
30010301,공용 스킬1,2,21130062,1,1
30010301,공용 스킬1,2,21140061,1,1
30010301,공용 스킬1,2,21140062,1,1
30010301,공용 스킬1,2,21110071,1,1
30010301,공용 스킬1,2,21110072,1,1
30010301,공용 스킬1,2,21130071,1,1
30010301,공용 스킬1,2,21130072,1,1
30010301,공용 스킬1,2,20002002,1,1
30010301,공용 스킬1,2,20002003,1,1
30010301,공용 스킬1,2,20002004,1,1
30010301,공용 스킬1,2,20002005,1,1
30010301,공용 스킬1,2,20002006,1,1
30010301,공용 스킬1,2,20002007,1,1
30010301,공용 스킬1,2,22110021,1,1
30010301,공용 스킬1,2,22120021,1,1
30010301,공용 스킬1,2,22120031,1,1
30010301,공용 스킬1,2,22120041,1,1
30010301,공용 스킬1,2,22130031,1,1
30010301,공용 스킬1,2,22140011,1,1
30010301,공용 스킬1,2,22140021,1,1
30010301,공용 스킬1,2,22150011,1,1
30010301,공용 스킬1,2,22150021,1,1
30010302,공용 스킬2,2,22150031,1,1
30010302,공용 스킬2,2,22210011,1,1
30010302,공용 스킬2,2,22210021,1,1
30010303,공용 스킬3,2,22230011,1,1
30010303,공용 스킬3,2,22250011,1,1
30010303,공용 스킬3,2,21110073,1,1
30010401,공용 유물1,4,60001001,1,1
30010401,공용 유물1,4,60001002,1,1
30010401,공용 유물1,4,60001003,1,1
30010401,공용 유물1,4,60001004,1,1
30010401,공용 유물1,4,60001006,1,1
30010401,공용 유물1,4,60001007,1,1
30010401,공용 유물1,4,60001008,1,1
30010401,공용 유물1,4,60001009,1,1
30010401,공용 유물1,4,60001010,1,1
30010401,공용 유물1,4,60001011,1,1
30010401,공용 유물1,4,60001012,1,1
30010401,공용 유물1,4,60001016,1,1
30010401,공용 유물1,4,60001022,1,1
30010401,공용 유물1,4,60001027,1,1
30010401,공용 유물1,4,60001037,1,1
30010401,공용 유물1,4,60001038,1,1
30010401,공용 유물1,4,60001039,1,1
30010401,공용 유물1,4,60001055,1,1
30010401,공용 유물1,4,60001094,1,1
30010401,공용 유물1,4,60001098,1,1
30010401,공용 유물1,4,60001099,1,1
30010401,공용 유물1,4,60001106,1,1
30010401,공용 유물1,4,60001013,1,1
30010401,공용 유물1,4,60001014,1,1
30010401,공용 유물1,4,60001015,1,1
30010401,공용 유물1,4,60001017,1,1
30010401,공용 유물1,4,60001018,1,1
30010401,공용 유물1,4,60001019,1,1
30010401,공용 유물1,4,60001020,1,1
30010401,공용 유물1,4,60001021,1,1
30010401,공용 유물1,4,60001023,1,1
30010401,공용 유물1,4,60001030,1,1
30010401,공용 유물1,4,60001031,1,1
30010401,공용 유물1,4,60001032,1,1
30010401,공용 유물1,4,60001036,1,1
30010401,공용 유물1,4,60001040,1,1
30010401,공용 유물1,4,60001041,1,1
30010401,공용 유물1,4,60001042,1,1
30010401,공용 유물1,4,60001043,1,1
30010401,공용 유물1,4,60001051,1,1
30010401,공용 유물1,4,60001052,1,1
30010401,공용 유물1,4,60001092,1,1
30010401,공용 유물1,4,60001093,1,1
30010401,공용 유물1,4,60001095,1,1
30010401,공용 유물1,4,60001033,1,1
30010401,공용 유물1,4,60001034,1,1
30010401,공용 유물1,4,60001045,1,1
30010401,공용 유물1,4,60001046,1,1
30010401,공용 유물1,4,60001047,1,1
30010401,공용 유물1,4,60001048,1,1
30010401,공용 유물1,4,60001049,1,1
30010401,공용 유물1,4,60001050,1,1
30010401,공용 유물1,4,60001053,1,1
30010401,공용 유물1,4,60001056,1,1
30010401,공용 유물1,4,60001063,1,1
30010401,공용 유물1,4,60001086,1,1
30010401,공용 유물1,4,60001087,1,1
30010402,공용 유물2,4,60001088,1,1
30010402,공용 유물2,4,60001089,1,1
30010403,공용 유물3,4,60001090,1,1
30010403,공용 유물3,4,60001091,1,1
30010404,공용 유물4,4,60001096,1,1
30010404,공용 유물4,4,60001097,1,1
30023111,원정 채집 식량 lv1_1 제작재료,3,60310101,1,1
30023112,원정 채집 식량 lv1_2 제작재료,3,60320101,1,1
30023211,원정 채집 식량 lv2_1 제작재료,3,60310101,1,2
30023212,원정 채집 식량 lv2_2 제작재료,3,60320101,1,2
30023311,원정 채집 식량 lv3_1 제작재료,3,60310101,2,3
30023312,원정 채집 식량 lv3_2 제작재료,3,60320101,2,3
30023411,원정 채집 식량 lv4_1 제작재료,3,60310101,2,4
30023412,원정 채집 식량 lv4_2 제작재료,3,60320101,2,4
30023511,원정 채집 식량 lv5_1 제작재료,3,60310101,3,5
30023512,원정 채집 식량 lv5_2 제작재료,3,60320101,3,5
30023611,원정 채집 식량 lv6_1 제작재료,3,60310101,3,6
30023612,원정 채집 식량 lv6_2 제작재료,3,60320101,3,6
30024111,원정 채집 돌 lv1_1 제작재료,3,60310101,1,1
30024112,원정 채집 돌 lv1_2 제작재료,3,60320101,1,1
30024211,원정 채집 돌 lv2_1 제작재료,3,60310101,1,2
30024212,원정 채집 돌 lv2_2 제작재료,3,60320101,1,2
30024311,원정 채집 돌 lv3_1 제작재료,3,60310101,2,3
30024312,원정 채집 돌 lv3_2 제작재료,3,60320101,2,3
30024411,원정 채집 돌 lv4_1 제작재료,3,60310101,2,4
30024412,원정 채집 돌 lv4_2 제작재료,3,60320101,2,4
30024511,원정 채집 돌 lv5_1 제작재료,3,60310101,3,5
30024512,원정 채집 돌 lv5_2 제작재료,3,60320101,3,5
30024611,원정 채집 돌 lv6_1 제작재료,3,60310101,3,6
30024612,원정 채집 돌 lv6_2 제작재료,3,60320101,3,6
30025111,원정 채집 철 lv1_1 제작재료,3,60310101,1,1
30025112,원정 채집 철 lv1_2 제작재료,3,60320101,1,1
30025211,원정 채집 철 lv2_1 제작재료,3,60310101,1,2
30025212,원정 채집 철 lv2_2 제작재료,3,60320101,1,2
30025311,원정 채집 철 lv3_1 제작재료,3,60310101,2,3
30025312,원정 채집 철 lv3_2 제작재료,3,60320101,2,3
30025411,원정 채집 철 lv4_1 제작재료,3,60310101,2,4
30025412,원정 채집 철 lv4_2 제작재료,3,60320101,2,4
30025511,원정 채집 철 lv5_1 제작재료,3,60310101,3,5
30025512,원정 채집 철 lv5_2 제작재료,3,60320101,3,5
30025611,원정 채집 철 lv6_1 제작재료,3,60310101,3,6
30025612,원정 채집 철 lv6_2 제작재료,3,60320101,3,6
30026111,원정 채집 나무 lv1_1 제작재료,3,60310101,1,1
30026112,원정 채집 나무 lv1_2 제작재료,3,60320101,1,1
30026211,원정 채집 나무 lv2_1 제작재료,3,60310101,1,2
30026212,원정 채집 나무 lv2_2 제작재료,3,60320101,1,2
30026311,원정 채집 나무 lv3_1 제작재료,3,60310101,2,3
30026312,원정 채집 나무 lv3_2 제작재료,3,60320101,2,3
30026411,원정 채집 나무 lv4_1 제작재료,3,60310101,2,4
30026412,원정 채집 나무 lv4_2 제작재료,3,60320101,2,4
30026511,원정 채집 나무 lv5_1 제작재료,3,60310101,3,5
30026512,원정 채집 나무 lv5_2 제작재료,3,60320101,3,5
30026611,원정 채집 나무 lv6_1 제작재료,3,60310101,3,6
30026612,원정 채집 나무 lv6_2 제작재료,3,60320101,3,6
30110111,환경 기믹 1 보상1_1_1,3,60000002,10,30
30110211,환경 기믹 1 보상2_1_1,3,60000002,30,60
30110311,환경 기믹 1 보상3_1_1,3,60000002,60,90
30110411,환경 기믹 1 보상4_1_1,3,60000002,90,120
30110511,환경 기믹 1 보상5_1_1,3,60000002,120,150
30110611,환경 기믹 1 보상6_1_1,3,60000002,150,180
30110711,환경 기믹 1 보상7_1_1,3,60000002,180,210
30110811,환경 기믹 1 보상8_1_1,3,60000002,210,240
30110911,환경 기믹 1 보상9_1_1,3,60000002,240,270
30111011,환경 기믹 1 보상10_1_1,3,60000002,270,300
30111111,환경 기믹 1 보상11_1_1,3,60000002,300,330
30111211,환경 기믹 1 보상12_1_1,3,60000002,330,360
30111311,환경 기믹 1 보상13_1_1,3,60000002,360,390
30111411,환경 기믹 1 보상14_1_1,3,60000002,390,420
30111511,환경 기믹 1 보상15_1_1,3,60000002,420,450
30210411,로던 1회성 진행 보상 골드,3,60000002,360,390
30210611,로던 상인 장비 1성,3,60110001,1,1
30210611,로던 상인 장비 1성,3,60110002,1,1
30210612,로던 상인 장비 2성,3,60120001,1,1
30210612,로던 상인 장비 2성,3,60120002,1,1
30210711,로던 1회성 특별 진행 보상 골드,3,60000002,500,550
30210731,로던 1회성 특별 진행 보상 제작 재료,3,60310101,1,1
31011311,Region1 보스 보상: 골드,3,60000002,300,300
31011331,Region1 보스 보상 : 제작재료,3,60310101,1,1
31011411,Region1 스텝 진행 보상: 골드,3,60000002,50,50
32020111,골드타워_1,3,60000002,10,10
32020211,골드타워_2,3,60000002,50,50
32020311,골드타워_3,3,60000002,100,100
32020411,골드타워_4,3,60000002,200,200
32020511,골드타워_5,3,60000002,300,300
32020611,골드타워_6,3,60000002,400,400
32020711,골드타워_7,3,60000002,500,500
32020811,골드타워_8,3,60000002,600,600
32020911,골드타워_9,3,60000002,700,700
32021011,골드타워_10,3,60000002,800,800
32021111,골드타워_11,3,60000002,900,900
32021211,골드타워_12,3,60000002,1000,1000
32021311,골드타워_13,3,60000002,1100,1100
32021411,골드타워_14,3,60000002,1200,1200
32021511,골드타워_15,3,60000002,1300,1300
32021611,골드타워_16,3,60000002,1400,1400
32021711,골드타워_17,3,60000002,1500,1500
32021811,골드타워_18,3,60000002,1600,1600
32021911,골드타워_19,3,60000002,1700,1700
32022011,골드타워_20,3,60000002,1800,1800
32022111,골드타워_21,3,60000002,1900,1900
32022211,골드타워_22,3,60000002,2000,2000
32022311,골드타워_23,3,60000002,2100,2100
32022411,골드타워_24,3,60000002,2200,2200
32022511,골드타워_25,3,60000002,2300,2300
32022611,골드타워_26,3,60000002,2400,2400
32022711,골드타워_27,3,60000002,2500,2500
32022811,골드타워_28,3,60000002,2600,2600
32022911,골드타워_29,3,60000002,2700,2700
32023011,골드타워_30,3,60000002,2800,2800
32030111,푸드타워_1,3,60000003,10,10
32030211,푸드타워_2,3,60000003,50,50
32030311,푸드타워_3,3,60000003,100,100
32030411,푸드타워_4,3,60000003,200,200
32030511,푸드타워_5,3,60000003,300,300
32030611,푸드타워_6,3,60000003,400,400
32030711,푸드타워_7,3,60000003,500,500
32030811,푸드타워_8,3,60000003,600,600
32030911,푸드타워_9,3,60000003,700,700
32031011,푸드타워_10,3,60000003,800,800
32031111,푸드타워_11,3,60000003,900,900
32031211,푸드타워_12,3,60000003,1000,1000
32031311,푸드타워_13,3,60000003,1100,1100
32031411,푸드타워_14,3,60000003,1200,1200
32031511,푸드타워_15,3,60000003,1300,1300
32031611,푸드타워_16,3,60000003,1400,1400
32031711,푸드타워_17,3,60000003,1500,1500
32031811,푸드타워_18,3,60000003,1600,1600
32031911,푸드타워_19,3,60000003,1700,1700
32032011,푸드타워_20,3,60000003,1800,1800
32032111,푸드타워_21,3,60000003,1900,1900
32032211,푸드타워_22,3,60000003,2000,2000
32032311,푸드타워_23,3,60000003,2100,2100
32032411,푸드타워_24,3,60000003,2200,2200
32032511,푸드타워_25,3,60000003,2300,2300
32032611,푸드타워_26,3,60000003,2400,2400
32032711,푸드타워_27,3,60000003,2500,2500
32032811,푸드타워_28,3,60000003,2600,2600
32032911,푸드타워_29,3,60000003,2700,2700
32033011,푸드타워_30,3,60000003,2800,2800
32040111,돌 타워_1,3,60000004,10,10
32040211,돌 타워_2,3,60000004,50,50
32040311,돌 타워_3,3,60000004,100,100
32040411,돌 타워_4,3,60000004,200,200
32040511,돌 타워_5,3,60000004,300,300
32040611,돌 타워_6,3,60000004,400,400
32040711,돌 타워_7,3,60000004,500,500
32040811,돌 타워_8,3,60000004,600,600
32040911,돌 타워_9,3,60000004,700,700
32041011,돌 타워_10,3,60000004,800,800
32041111,돌 타워_11,3,60000004,900,900
32041211,돌 타워_12,3,60000004,1000,1000
32041311,돌 타워_13,3,60000004,1100,1100
32041411,돌 타워_14,3,60000004,1200,1200
32041511,돌 타워_15,3,60000004,1300,1300
32041611,돌 타워_16,3,60000004,1400,1400
32041711,돌 타워_17,3,60000004,1500,1500
32041811,돌 타워_18,3,60000004,1600,1600
32041911,돌 타워_19,3,60000004,1700,1700
32042011,돌 타워_20,3,60000004,1800,1800
32042111,돌 타워_21,3,60000004,1900,1900
32042211,돌 타워_22,3,60000004,2000,2000
32042311,돌 타워_23,3,60000004,2100,2100
32042411,돌 타워_24,3,60000004,2200,2200
32042511,돌 타워_25,3,60000004,2300,2300
32042611,돌 타워_26,3,60000004,2400,2400
32042711,돌 타워_27,3,60000004,2500,2500
32042811,돌 타워_28,3,60000004,2600,2600
32042911,돌 타워_29,3,60000004,2700,2700
32043011,돌 타워_30,3,60000004,2800,2800
32050111,철 타워_1,3,60000005,10,10
32050211,철 타워_2,3,60000005,50,50
32050311,철 타워_3,3,60000005,100,100
32050411,철 타워_4,3,60000005,200,200
32050511,철 타워_5,3,60000005,300,300
32050611,철 타워_6,3,60000005,400,400
32050711,철 타워_7,3,60000005,500,500
32050811,철 타워_8,3,60000005,600,600
32050911,철 타워_9,3,60000005,700,700
32051011,철 타워_10,3,60000005,800,800
32051111,철 타워_11,3,60000005,900,900
32051211,철 타워_12,3,60000005,1000,1000
32051311,철 타워_13,3,60000005,1100,1100
32051411,철 타워_14,3,60000005,1200,1200
32051511,철 타워_15,3,60000005,1300,1300
32051611,철 타워_16,3,60000005,1400,1400
32051711,철 타워_17,3,60000005,1500,1500
32051811,철 타워_18,3,60000005,1600,1600
32051911,철 타워_19,3,60000005,1700,1700
32052011,철 타워_20,3,60000005,1800,1800
32052111,철 타워_21,3,60000005,1900,1900
32052211,철 타워_22,3,60000005,2000,2000
32052311,철 타워_23,3,60000005,2100,2100
32052411,철 타워_24,3,60000005,2200,2200
32052511,철 타워_25,3,60000005,2300,2300
32052611,철 타워_26,3,60000005,2400,2400
32052711,철 타워_27,3,60000005,2500,2500
32052811,철 타워_28,3,60000005,2600,2600
32052911,철 타워_29,3,60000005,2700,2700
32053011,철 타워_30,3,60000005,2800,2800
32060111,나무 타워_1,3,60000006,10,10
32060211,나무 타워_2,3,60000006,50,50
32060311,나무 타워_3,3,60000006,100,100
32060411,나무 타워_4,3,60000006,200,200
32060511,나무 타워_5,3,60000006,300,300
32060611,나무 타워_6,3,60000006,400,400
32060711,나무 타워_7,3,60000006,500,500
32060811,나무 타워_8,3,60000006,600,600
32060911,나무 타워_9,3,60000006,700,700
32061011,나무 타워_10,3,60000006,800,800
32061111,나무 타워_11,3,60000006,900,900
32061211,나무 타워_12,3,60000006,1000,1000
32061311,나무 타워_13,3,60000006,1100,1100
32061411,나무 타워_14,3,60000006,1200,1200
32061511,나무 타워_15,3,60000006,1300,1300
32061611,나무 타워_16,3,60000006,1400,1400
32061711,나무 타워_17,3,60000006,1500,1500
32061811,나무 타워_18,3,60000006,1600,1600
32061911,나무 타워_19,3,60000006,1700,1700
32062011,나무 타워_20,3,60000006,1800,1800
32062111,나무 타워_21,3,60000006,1900,1900
32062211,나무 타워_22,3,60000006,2000,2000
32062311,나무 타워_23,3,60000006,2100,2100
32062411,나무 타워_24,3,60000006,2200,2200
32062511,나무 타워_25,3,60000006,2300,2300
32062611,나무 타워_26,3,60000006,2400,2400
32062711,나무 타워_27,3,60000006,2500,2500
32062811,나무 타워_28,3,60000006,2600,2600
32062911,나무 타워_29,3,60000006,2700,2700
32063011,나무 타워_30,3,60000006,2800,2800
32100111,경험치 타워_1,3,60000201,10,10
32100211,경험치 타워_2,3,60000201,50,50
32100311,경험치 타워_3,3,60000201,100,100
32100411,경험치 타워_4,3,60000201,200,200
32100511,경험치 타워_5,3,60000201,300,300
32100611,경험치 타워_6,3,60000201,400,400
32100711,경험치 타워_7,3,60000201,500,500
32100811,경험치 타워_8,3,60000201,600,600
32100911,경험치 타워_9,3,60000201,700,700
32101011,경험치 타워_10,3,60000201,800,800
32101111,경험치 타워_11,3,60000201,900,900
32101211,경험치 타워_12,3,60000201,1000,1000
32101311,경험치 타워_13,3,60000201,1100,1100
32101411,경험치 타워_14,3,60000201,1200,1200
32101511,경험치 타워_15,3,60000201,1300,1300
32101611,경험치 타워_16,3,60000201,1400,1400
32101711,경험치 타워_17,3,60000201,1500,1500
32101811,경험치 타워_18,3,60000201,1600,1600
32101911,경험치 타워_19,3,60000201,1700,1700
32102011,경험치 타워_20,3,60000201,1800,1800
32102111,경험치 타워_21,3,60000201,1900,1900
32102211,경험치 타워_22,3,60000201,2000,2000
32102311,경험치 타워_23,3,60000201,2100,2100
32102411,경험치 타워_24,3,60000201,2200,2200
32102511,경험치 타워_25,3,60000201,2300,2300
32102611,경험치 타워_26,3,60000201,2400,2400
32102711,경험치 타워_27,3,60000201,2500,2500
32102811,경험치 타워_28,3,60000201,2600,2600
32102911,경험치 타워_29,3,60000201,2700,2700
32103011,경험치 타워_30,3,60000201,2800,2800
32200111,파밍타워_공통_골드_1,3,60000002,10,30
32200211,파밍타워_공통_골드_2,3,60000002,30,60
32200311,파밍타워_공통_골드_3,3,60000002,60,90
32200411,파밍타워_공통_골드_4,3,60000002,90,120
32200511,파밍타워_공통_골드_5,3,60000002,120,150
32200611,파밍타워_공통_골드_6,3,60000002,150,180
32200711,파밍타워_공통_골드_7,3,60000002,180,210
32200811,파밍타워_공통_골드_8,3,60000002,210,240
32200911,파밍타워_공통_골드_9,3,60000002,240,270
32201011,파밍타워_공통_골드_10,3,60000002,270,300
32201111,파밍타워_공통_골드_11,3,60000002,300,330
32201211,파밍타워_공통_골드_12,3,60000002,330,360
32201311,파밍타워_공통_골드_13,3,60000002,360,390
32201411,파밍타워_공통_골드_14,3,60000002,390,420
32201511,파밍타워_공통_골드_15,3,60000002,420,450
32201611,파밍타워_공통_골드_16,3,60000002,450,480
32201711,파밍타워_공통_골드_17,3,60000002,480,510
32201811,파밍타워_공통_골드_18,3,60000002,510,540
32201911,파밍타워_공통_골드_19,3,60000002,540,570
32202011,파밍타워_공통_골드_20,3,60000002,570,600
32202111,파밍타워_공통_골드_21,3,60000002,600,630
32202211,파밍타워_공통_골드_22,3,60000002,630,660
32202311,파밍타워_공통_골드_23,3,60000002,660,690
32202411,파밍타워_공통_골드_24,3,60000002,690,720
32202511,파밍타워_공통_골드_25,3,60000002,720,750
32202611,파밍타워_공통_골드_26,3,60000002,750,780
32202711,파밍타워_공통_골드_27,3,60000002,780,810
32202811,파밍타워_공통_골드_28,3,60000002,810,840
32202911,파밍타워_공통_골드_29,3,60000002,840,870
32203011,파밍타워_공통_골드_30,3,60000002,870,900
32210111,파밍타워_공통_경험치석_1,3,60000201,1,2
32210211,파밍타워_공통_경험치석_2,3,60000201,2,3
32210311,파밍타워_공통_경험치석_3,3,60000201,3,4
32210411,파밍타워_공통_경험치석_4,3,60000201,4,5
32210511,파밍타워_공통_경험치석_5,3,60000201,5,6
32210611,파밍타워_공통_경험치석_6,3,60000201,6,7
32210711,파밍타워_공통_경험치석_7,3,60000201,7,8
32210811,파밍타워_공통_경험치석_8,3,60000201,8,9
32210911,파밍타워_공통_경험치석_9,3,60000201,9,10
32211011,파밍타워_공통_경험치석_10,3,60000201,10,11
32211111,파밍타워_공통_경험치석_11,3,60000201,11,12
32211211,파밍타워_공통_경험치석_12,3,60000201,12,13
32211311,파밍타워_공통_경험치석_13,3,60000201,13,14
32211411,파밍타워_공통_경험치석_14,3,60000201,14,15
32211511,파밍타워_공통_경험치석_15,3,60000201,15,16
32211611,파밍타워_공통_경험치석_16,3,60000201,16,17
32211711,파밍타워_공통_경험치석_17,3,60000201,17,18
32211811,파밍타워_공통_경험치석_18,3,60000201,18,19
32211911,파밍타워_공통_경험치석_19,3,60000201,19,20
32212011,파밍타워_공통_경험치석_20,3,60000201,20,21
32212111,파밍타워_공통_경험치석_21,3,60000201,21,22
32212211,파밍타워_공통_경험치석_22,3,60000201,22,23
32212311,파밍타워_공통_경험치석_23,3,60000201,23,24
32212411,파밍타워_공통_경험치석_24,3,60000201,24,25
32212511,파밍타워_공통_경험치석_25,3,60000201,25,26
32212611,파밍타워_공통_경험치석_26,3,60000201,26,27
32212711,파밍타워_공통_경험치석_27,3,60000201,27,28
32212811,파밍타워_공통_경험치석_28,3,60000201,28,29
32212911,파밍타워_공통_경험치석_29,3,60000201,29,30
32213011,파밍타워_공통_경험치석_30,3,60000201,30,31
31011611,모험 1지역 1난이도 별 미션 보상 1,3,60000001,150,150
31011612,모험 1지역 1난이도 별 미션 보상 1,3,60000002,100,100
31011621,모험 1지역 1난이도 별 미션 보상 2,3,60000001,150,150
31011622,모험 1지역 1난이도 별 미션 보상 2,3,60000002,100,100
31011631,모험 1지역 1난이도 별 미션 보상 3,3,60000001,150,150
31011632,모험 1지역 1난이도 별 미션 보상 3,3,60000002,100,100
31011641,모험 1지역 1난이도 별 미션 보상 4,3,60000001,150,150
31011642,모험 1지역 1난이도 별 미션 보상 4,3,60000002,100,100
31011651,모험 1지역 1난이도 별 미션 보상 5,3,60000001,150,150
31011652,모험 1지역 1난이도 별 미션 보상 5,3,60000002,100,100
31021611,모험 2지역 1난이도 별 미션 보상 1,3,60000001,150,150
31021612,모험 2지역 1난이도 별 미션 보상 1,3,60000002,120,120
31021621,모험 2지역 1난이도 별 미션 보상 2,3,60000001,150,150
31021622,모험 2지역 1난이도 별 미션 보상 2,3,60000002,120,120
31021631,모험 2지역 1난이도 별 미션 보상 3,3,60000001,150,150
31021632,모험 2지역 1난이도 별 미션 보상 3,3,60000002,120,120
31021641,모험 2지역 1난이도 별 미션 보상 4,3,60000001,150,150
31021642,모험 2지역 1난이도 별 미션 보상 4,3,60000002,120,120
31021651,모험 2지역 1난이도 별 미션 보상 5,3,60000001,150,150
31021652,모험 2지역 1난이도 별 미션 보상 5,3,60000002,120,120
31031611,모험 3지역 1난이도 별 미션 보상 1,3,60000001,150,150
31031612,모험 3지역 1난이도 별 미션 보상 1,3,60000002,140,140
31031621,모험 3지역 1난이도 별 미션 보상 2,3,60000001,150,150
31031622,모험 3지역 1난이도 별 미션 보상 2,3,60000002,140,140
31031631,모험 3지역 1난이도 별 미션 보상 3,3,60000001,150,150
31031632,모험 3지역 1난이도 별 미션 보상 3,3,60000002,140,140
31031641,모험 3지역 1난이도 별 미션 보상 4,3,60000001,150,150
31031642,모험 3지역 1난이도 별 미션 보상 4,3,60000002,140,140
31031651,모험 3지역 1난이도 별 미션 보상 5,3,60000001,150,150
31031652,모험 3지역 1난이도 별 미션 보상 5,3,60000002,140,140
31041611,모험 4지역 1난이도 별 미션 보상 1,3,60000001,150,150
31041612,모험 4지역 1난이도 별 미션 보상 1,3,60000002,160,160
31041621,모험 4지역 1난이도 별 미션 보상 2,3,60000001,150,150
31041622,모험 4지역 1난이도 별 미션 보상 2,3,60000002,160,160
31041631,모험 4지역 1난이도 별 미션 보상 3,3,60000001,150,150
31041632,모험 4지역 1난이도 별 미션 보상 3,3,60000002,160,160
31041641,모험 4지역 1난이도 별 미션 보상 4,3,60000001,150,150
31041642,모험 4지역 1난이도 별 미션 보상 4,3,60000002,160,160
31041651,모험 4지역 1난이도 별 미션 보상 5,3,60000001,150,150
31041652,모험 4지역 1난이도 별 미션 보상 5,3,60000002,160,160
31051611,모험 5지역 1난이도 별 미션 보상 1,3,60000001,150,150
31051612,모험 5지역 1난이도 별 미션 보상 1,3,60000002,180,180
31051621,모험 5지역 1난이도 별 미션 보상 2,3,60000001,150,150
31051622,모험 5지역 1난이도 별 미션 보상 2,3,60000002,180,180
31051631,모험 5지역 1난이도 별 미션 보상 3,3,60000001,150,150
31051632,모험 5지역 1난이도 별 미션 보상 3,3,60000002,180,180
31051641,모험 5지역 1난이도 별 미션 보상 4,3,60000001,150,150
31051642,모험 5지역 1난이도 별 미션 보상 4,3,60000002,180,180
31051651,모험 5지역 1난이도 별 미션 보상 5,3,60000001,150,150
31051652,모험 5지역 1난이도 별 미션 보상 5,3,60000002,180,180
31061611,모험 6지역 1난이도 별 미션 보상 1,3,60000001,150,150
31061612,모험 6지역 1난이도 별 미션 보상 1,3,60000002,200,200
31061621,모험 6지역 1난이도 별 미션 보상 2,3,60000001,150,150
31061622,모험 6지역 1난이도 별 미션 보상 2,3,60000002,200,200
31061631,모험 6지역 1난이도 별 미션 보상 3,3,60000001,150,150
31061632,모험 6지역 1난이도 별 미션 보상 3,3,60000002,200,200
31061641,모험 6지역 1난이도 별 미션 보상 4,3,60000001,150,150
31061642,모험 6지역 1난이도 별 미션 보상 4,3,60000002,200,200
31061651,모험 6지역 1난이도 별 미션 보상 5,3,60000001,150,150
31061652,모험 6지역 1난이도 별 미션 보상 5,3,60000002,200,200
31071611,모험 7지역 1난이도 별 미션 보상 1,3,60000001,150,150
31071612,모험 7지역 1난이도 별 미션 보상 1,3,60000002,220,220
31071621,모험 7지역 1난이도 별 미션 보상 2,3,60000001,150,150
31071622,모험 7지역 1난이도 별 미션 보상 2,3,60000002,220,220
31071631,모험 7지역 1난이도 별 미션 보상 3,3,60000001,150,150
31071632,모험 7지역 1난이도 별 미션 보상 3,3,60000002,220,220
31071641,모험 7지역 1난이도 별 미션 보상 4,3,60000001,150,150
31071642,모험 7지역 1난이도 별 미션 보상 4,3,60000002,220,220
31071651,모험 7지역 1난이도 별 미션 보상 5,3,60000001,150,150
31071652,모험 7지역 1난이도 별 미션 보상 5,3,60000002,220,220
31081611,모험 8지역 1난이도 별 미션 보상 1,3,60000001,150,150
31081612,모험 8지역 1난이도 별 미션 보상 1,3,60000002,240,240
31081621,모험 8지역 1난이도 별 미션 보상 2,3,60000001,150,150
31081622,모험 8지역 1난이도 별 미션 보상 2,3,60000002,240,240
31081631,모험 8지역 1난이도 별 미션 보상 3,3,60000001,150,150
31081632,모험 8지역 1난이도 별 미션 보상 3,3,60000002,240,240
31081641,모험 8지역 1난이도 별 미션 보상 4,3,60000001,150,150
31081642,모험 8지역 1난이도 별 미션 보상 4,3,60000002,240,240
31081651,모험 8지역 1난이도 별 미션 보상 5,3,60000001,150,150
31081652,모험 8지역 1난이도 별 미션 보상 5,3,60000002,240,240
31091611,모험 9지역 1난이도 별 미션 보상 1,3,60000001,150,150
31091612,모험 9지역 1난이도 별 미션 보상 1,3,60000002,260,260
31091621,모험 9지역 1난이도 별 미션 보상 2,3,60000001,150,150
31091622,모험 9지역 1난이도 별 미션 보상 2,3,60000002,260,260
31091631,모험 9지역 1난이도 별 미션 보상 3,3,60000001,150,150
31091632,모험 9지역 1난이도 별 미션 보상 3,3,60000002,260,260
31091641,모험 9지역 1난이도 별 미션 보상 4,3,60000001,150,150
31091642,모험 9지역 1난이도 별 미션 보상 4,3,60000002,260,260
31091651,모험 9지역 1난이도 별 미션 보상 5,3,60000001,150,150
31091652,모험 9지역 1난이도 별 미션 보상 5,3,60000002,260,260
31101611,모험 10지역 1난이도 별 미션 보상 1,3,60000001,150,150
31101612,모험 10지역 1난이도 별 미션 보상 1,3,60000002,280,280
31101621,모험 10지역 1난이도 별 미션 보상 2,3,60000001,150,150
31101622,모험 10지역 1난이도 별 미션 보상 2,3,60000002,280,280
31101631,모험 10지역 1난이도 별 미션 보상 3,3,60000001,150,150
31101632,모험 10지역 1난이도 별 미션 보상 3,3,60000002,280,280
31101641,모험 10지역 1난이도 별 미션 보상 4,3,60000001,150,150
31101642,모험 10지역 1난이도 별 미션 보상 4,3,60000002,280,280
31101651,모험 10지역 1난이도 별 미션 보상 5,3,60000001,150,150
31101652,모험 10지역 1난이도 별 미션 보상 5,3,60000002,280,280
31111611,모험 11지역 1난이도 별 미션 보상 1,3,60000001,200,200
31111612,모험 11지역 1난이도 별 미션 보상 1,3,60000002,300,300
31111621,모험 11지역 1난이도 별 미션 보상 2,3,60000001,200,200
31111622,모험 11지역 1난이도 별 미션 보상 2,3,60000002,300,300
31111631,모험 11지역 1난이도 별 미션 보상 3,3,60000001,200,200
31111632,모험 11지역 1난이도 별 미션 보상 3,3,60000002,300,300
31111641,모험 11지역 1난이도 별 미션 보상 4,3,60000001,200,200
31111642,모험 11지역 1난이도 별 미션 보상 4,3,60000002,300,300
31111651,모험 11지역 1난이도 별 미션 보상 5,3,60000001,200,200
31111652,모험 11지역 1난이도 별 미션 보상 5,3,60000002,300,300
31012611,모험 1지역 2난이도 별 미션 보상 1,3,60000001,200,200
31012612,모험 1지역 2난이도 별 미션 보상 1,3,60000002,300,300
31012621,모험 1지역 2난이도 별 미션 보상 2,3,60000001,200,200
31012622,모험 1지역 2난이도 별 미션 보상 2,3,60000002,300,300
31012631,모험 1지역 2난이도 별 미션 보상 3,3,60000001,200,200
31012632,모험 1지역 2난이도 별 미션 보상 3,3,60000002,300,300
31012641,모험 1지역 2난이도 별 미션 보상 4,3,60000001,200,200
31012642,모험 1지역 2난이도 별 미션 보상 4,3,60000002,300,300
31012651,모험 1지역 2난이도 별 미션 보상 5,3,60000001,200,200
31012652,모험 1지역 2난이도 별 미션 보상 5,3,60000002,300,300
31022611,모험 2지역 2난이도 별 미션 보상 1,3,60000001,200,200
31022612,모험 2지역 2난이도 별 미션 보상 1,3,60000002,300,300
31022621,모험 2지역 2난이도 별 미션 보상 2,3,60000001,200,200
31022622,모험 2지역 2난이도 별 미션 보상 2,3,60000002,300,300
31022631,모험 2지역 2난이도 별 미션 보상 3,3,60000001,200,200
31022632,모험 2지역 2난이도 별 미션 보상 3,3,60000002,300,300
31022641,모험 2지역 2난이도 별 미션 보상 4,3,60000001,200,200
31022642,모험 2지역 2난이도 별 미션 보상 4,3,60000002,300,300
31022651,모험 2지역 2난이도 별 미션 보상 5,3,60000001,200,200
31022652,모험 2지역 2난이도 별 미션 보상 5,3,60000002,300,300
31032611,모험 3지역 2난이도 별 미션 보상 1,3,60000001,200,200
31032612,모험 3지역 2난이도 별 미션 보상 1,3,60000002,300,300
31032621,모험 3지역 2난이도 별 미션 보상 2,3,60000001,200,200
31032622,모험 3지역 2난이도 별 미션 보상 2,3,60000002,300,300
31032631,모험 3지역 2난이도 별 미션 보상 3,3,60000001,200,200
31032632,모험 3지역 2난이도 별 미션 보상 3,3,60000002,300,300
31032641,모험 3지역 2난이도 별 미션 보상 4,3,60000001,200,200
31032642,모험 3지역 2난이도 별 미션 보상 4,3,60000002,300,300
31032651,모험 3지역 2난이도 별 미션 보상 5,3,60000001,200,200
31032652,모험 3지역 2난이도 별 미션 보상 5,3,60000002,300,300
31042611,모험 4지역 2난이도 별 미션 보상 1,3,60000001,200,200
31042612,모험 4지역 2난이도 별 미션 보상 1,3,60000002,300,300
31042621,모험 4지역 2난이도 별 미션 보상 2,3,60000001,200,200
31042622,모험 4지역 2난이도 별 미션 보상 2,3,60000002,300,300
31042631,모험 4지역 2난이도 별 미션 보상 3,3,60000001,200,200
31042632,모험 4지역 2난이도 별 미션 보상 3,3,60000002,300,300
31042641,모험 4지역 2난이도 별 미션 보상 4,3,60000001,200,200
31042642,모험 4지역 2난이도 별 미션 보상 4,3,60000002,300,300
31042651,모험 4지역 2난이도 별 미션 보상 5,3,60000001,200,200
31042652,모험 4지역 2난이도 별 미션 보상 5,3,60000002,300,300
31052611,모험 5지역 2난이도 별 미션 보상 1,3,60000001,200,200
31052612,모험 5지역 2난이도 별 미션 보상 1,3,60000002,300,300
31052621,모험 5지역 2난이도 별 미션 보상 2,3,60000001,200,200
31052622,모험 5지역 2난이도 별 미션 보상 2,3,60000002,300,300
31052631,모험 5지역 2난이도 별 미션 보상 3,3,60000001,200,200
31052632,모험 5지역 2난이도 별 미션 보상 3,3,60000002,300,300
31052641,모험 5지역 2난이도 별 미션 보상 4,3,60000001,200,200
31052642,모험 5지역 2난이도 별 미션 보상 4,3,60000002,300,300
31052651,모험 5지역 2난이도 별 미션 보상 5,3,60000001,200,200
31052652,모험 5지역 2난이도 별 미션 보상 5,3,60000002,300,300
31062611,모험 6지역 2난이도 별 미션 보상 1,3,60000001,200,200
31062612,모험 6지역 2난이도 별 미션 보상 1,3,60000002,300,300
31062621,모험 6지역 2난이도 별 미션 보상 2,3,60000001,200,200
31062622,모험 6지역 2난이도 별 미션 보상 2,3,60000002,300,300
31062631,모험 6지역 2난이도 별 미션 보상 3,3,60000001,200,200
31062632,모험 6지역 2난이도 별 미션 보상 3,3,60000002,300,300
31062641,모험 6지역 2난이도 별 미션 보상 4,3,60000001,200,200
31062642,모험 6지역 2난이도 별 미션 보상 4,3,60000002,300,300
31062651,모험 6지역 2난이도 별 미션 보상 5,3,60000001,200,200
31062652,모험 6지역 2난이도 별 미션 보상 5,3,60000002,300,300
31072611,모험 7지역 2난이도 별 미션 보상 1,3,60000001,200,200
31072612,모험 7지역 2난이도 별 미션 보상 1,3,60000002,300,300
31072621,모험 7지역 2난이도 별 미션 보상 2,3,60000001,200,200
31072622,모험 7지역 2난이도 별 미션 보상 2,3,60000002,300,300
31072631,모험 7지역 2난이도 별 미션 보상 3,3,60000001,200,200
31072632,모험 7지역 2난이도 별 미션 보상 3,3,60000002,300,300
31072641,모험 7지역 2난이도 별 미션 보상 4,3,60000001,200,200
31072642,모험 7지역 2난이도 별 미션 보상 4,3,60000002,300,300
31072651,모험 7지역 2난이도 별 미션 보상 5,3,60000001,200,200
31072652,모험 7지역 2난이도 별 미션 보상 5,3,60000002,300,300
31082611,모험 8지역 2난이도 별 미션 보상 1,3,60000001,200,200
31082612,모험 8지역 2난이도 별 미션 보상 1,3,60000002,300,300
31082621,모험 8지역 2난이도 별 미션 보상 2,3,60000001,200,200
31082622,모험 8지역 2난이도 별 미션 보상 2,3,60000002,300,300
31082631,모험 8지역 2난이도 별 미션 보상 3,3,60000001,200,200
31082632,모험 8지역 2난이도 별 미션 보상 3,3,60000002,300,300
31082641,모험 8지역 2난이도 별 미션 보상 4,3,60000001,200,200
31082642,모험 8지역 2난이도 별 미션 보상 4,3,60000002,300,300
31082651,모험 8지역 2난이도 별 미션 보상 5,3,60000001,200,200
31082652,모험 8지역 2난이도 별 미션 보상 5,3,60000002,300,300
31092611,모험 9지역 2난이도 별 미션 보상 1,3,60000001,200,200
31092612,모험 9지역 2난이도 별 미션 보상 1,3,60000002,300,300
31092621,모험 9지역 2난이도 별 미션 보상 2,3,60000001,200,200
31092622,모험 9지역 2난이도 별 미션 보상 2,3,60000002,300,300
31092631,모험 9지역 2난이도 별 미션 보상 3,3,60000001,200,200
31092632,모험 9지역 2난이도 별 미션 보상 3,3,60000002,300,300
31092641,모험 9지역 2난이도 별 미션 보상 4,3,60000001,200,200
31092642,모험 9지역 2난이도 별 미션 보상 4,3,60000002,300,300
31092651,모험 9지역 2난이도 별 미션 보상 5,3,60000001,200,200
31092652,모험 9지역 2난이도 별 미션 보상 5,3,60000002,300,300
31102611,모험 10지역 2난이도 별 미션 보상 1,3,60000001,200,200
31102612,모험 10지역 2난이도 별 미션 보상 1,3,60000002,300,300
31102621,모험 10지역 2난이도 별 미션 보상 2,3,60000001,200,200
31102622,모험 10지역 2난이도 별 미션 보상 2,3,60000002,300,300
31102631,모험 10지역 2난이도 별 미션 보상 3,3,60000001,200,200
31102632,모험 10지역 2난이도 별 미션 보상 3,3,60000002,300,300
31102641,모험 10지역 2난이도 별 미션 보상 4,3,60000001,200,200
31102642,모험 10지역 2난이도 별 미션 보상 4,3,60000002,300,300
31102651,모험 10지역 2난이도 별 미션 보상 5,3,60000001,200,200
31102652,모험 10지역 2난이도 별 미션 보상 5,3,60000002,300,300
31112611,모험 11지역 2난이도 별 미션 보상 1,3,60000001,200,200
31112612,모험 11지역 2난이도 별 미션 보상 1,3,60000002,300,300
31112621,모험 11지역 2난이도 별 미션 보상 2,3,60000001,200,200
31112622,모험 11지역 2난이도 별 미션 보상 2,3,60000002,300,300
31112631,모험 11지역 2난이도 별 미션 보상 3,3,60000001,200,200
31112632,모험 11지역 2난이도 별 미션 보상 3,3,60000002,300,300
31112641,모험 11지역 2난이도 별 미션 보상 4,3,60000001,200,200
31112642,모험 11지역 2난이도 별 미션 보상 4,3,60000002,300,300
31112651,모험 11지역 2난이도 별 미션 보상 5,3,60000001,200,200
31112652,모험 11지역 2난이도 별 미션 보상 5,3,60000002,300,300
31013611,모험 1지역 3난이도 별 미션 보상 1,3,60000001,250,250
31013612,모험 1지역 3난이도 별 미션 보상 1,3,60000002,400,400
31013621,모험 1지역 3난이도 별 미션 보상 2,3,60000001,250,250
31013622,모험 1지역 3난이도 별 미션 보상 2,3,60000002,400,400
31013631,모험 1지역 3난이도 별 미션 보상 3,3,60000001,250,250
31013632,모험 1지역 3난이도 별 미션 보상 3,3,60000002,400,400
31013641,모험 1지역 3난이도 별 미션 보상 4,3,60000001,250,250
31013642,모험 1지역 3난이도 별 미션 보상 4,3,60000002,400,400
31013651,모험 1지역 3난이도 별 미션 보상 5,3,60000001,250,250
31013652,모험 1지역 3난이도 별 미션 보상 5,3,60000002,400,400
31023611,모험 2지역 3난이도 별 미션 보상 1,3,60000001,250,250
31023612,모험 2지역 3난이도 별 미션 보상 1,3,60000002,400,400
31023621,모험 2지역 3난이도 별 미션 보상 2,3,60000001,250,250
31023622,모험 2지역 3난이도 별 미션 보상 2,3,60000002,400,400
31023631,모험 2지역 3난이도 별 미션 보상 3,3,60000001,250,250
31023632,모험 2지역 3난이도 별 미션 보상 3,3,60000002,400,400
31023641,모험 2지역 3난이도 별 미션 보상 4,3,60000001,250,250
31023642,모험 2지역 3난이도 별 미션 보상 4,3,60000002,400,400
31023651,모험 2지역 3난이도 별 미션 보상 5,3,60000001,250,250
31023652,모험 2지역 3난이도 별 미션 보상 5,3,60000002,400,400
31033611,모험 3지역 3난이도 별 미션 보상 1,3,60000001,250,250
31033612,모험 3지역 3난이도 별 미션 보상 1,3,60000002,400,400
31033621,모험 3지역 3난이도 별 미션 보상 2,3,60000001,250,250
31033622,모험 3지역 3난이도 별 미션 보상 2,3,60000002,400,400
31033631,모험 3지역 3난이도 별 미션 보상 3,3,60000001,250,250
31033632,모험 3지역 3난이도 별 미션 보상 3,3,60000002,400,400
31033641,모험 3지역 3난이도 별 미션 보상 4,3,60000001,250,250
31033642,모험 3지역 3난이도 별 미션 보상 4,3,60000002,400,400
31033651,모험 3지역 3난이도 별 미션 보상 5,3,60000001,250,250
31033652,모험 3지역 3난이도 별 미션 보상 5,3,60000002,400,400
31043611,모험 4지역 3난이도 별 미션 보상 1,3,60000001,250,250
31043612,모험 4지역 3난이도 별 미션 보상 1,3,60000002,400,400
31043621,모험 4지역 3난이도 별 미션 보상 2,3,60000001,250,250
31043622,모험 4지역 3난이도 별 미션 보상 2,3,60000002,400,400
31043631,모험 4지역 3난이도 별 미션 보상 3,3,60000001,250,250
31043632,모험 4지역 3난이도 별 미션 보상 3,3,60000002,400,400
31043641,모험 4지역 3난이도 별 미션 보상 4,3,60000001,250,250
31043642,모험 4지역 3난이도 별 미션 보상 4,3,60000002,400,400
31043651,모험 4지역 3난이도 별 미션 보상 5,3,60000001,250,250
31043652,모험 4지역 3난이도 별 미션 보상 5,3,60000002,400,400
31053611,모험 5지역 3난이도 별 미션 보상 1,3,60000001,250,250
31053612,모험 5지역 3난이도 별 미션 보상 1,3,60000002,400,400
31053621,모험 5지역 3난이도 별 미션 보상 2,3,60000001,250,250
31053622,모험 5지역 3난이도 별 미션 보상 2,3,60000002,400,400
31053631,모험 5지역 3난이도 별 미션 보상 3,3,60000001,250,250
31053632,모험 5지역 3난이도 별 미션 보상 3,3,60000002,400,400
31053641,모험 5지역 3난이도 별 미션 보상 4,3,60000001,250,250
31053642,모험 5지역 3난이도 별 미션 보상 4,3,60000002,400,400
31053651,모험 5지역 3난이도 별 미션 보상 5,3,60000001,250,250
31053652,모험 5지역 3난이도 별 미션 보상 5,3,60000002,400,400
31063611,모험 6지역 3난이도 별 미션 보상 1,3,60000001,250,250
31063612,모험 6지역 3난이도 별 미션 보상 1,3,60000002,400,400
31063621,모험 6지역 3난이도 별 미션 보상 2,3,60000001,250,250
31063622,모험 6지역 3난이도 별 미션 보상 2,3,60000002,400,400
31063631,모험 6지역 3난이도 별 미션 보상 3,3,60000001,250,250
31063632,모험 6지역 3난이도 별 미션 보상 3,3,60000002,400,400
31063641,모험 6지역 3난이도 별 미션 보상 4,3,60000001,250,250
31063642,모험 6지역 3난이도 별 미션 보상 4,3,60000002,400,400
31063651,모험 6지역 3난이도 별 미션 보상 5,3,60000001,250,250
31063652,모험 6지역 3난이도 별 미션 보상 5,3,60000002,400,400
31073611,모험 7지역 3난이도 별 미션 보상 1,3,60000001,250,250
31073612,모험 7지역 3난이도 별 미션 보상 1,3,60000002,400,400
31073621,모험 7지역 3난이도 별 미션 보상 2,3,60000001,250,250
31073622,모험 7지역 3난이도 별 미션 보상 2,3,60000002,400,400
31073631,모험 7지역 3난이도 별 미션 보상 3,3,60000001,250,250
31073632,모험 7지역 3난이도 별 미션 보상 3,3,60000002,400,400
31073641,모험 7지역 3난이도 별 미션 보상 4,3,60000001,250,250
31073642,모험 7지역 3난이도 별 미션 보상 4,3,60000002,400,400
31073651,모험 7지역 3난이도 별 미션 보상 5,3,60000001,250,250
31073652,모험 7지역 3난이도 별 미션 보상 5,3,60000002,400,400
31083611,모험 8지역 3난이도 별 미션 보상 1,3,60000001,250,250
31083612,모험 8지역 3난이도 별 미션 보상 1,3,60000002,400,400
31083621,모험 8지역 3난이도 별 미션 보상 2,3,60000001,250,250
31083622,모험 8지역 3난이도 별 미션 보상 2,3,60000002,400,400
31083631,모험 8지역 3난이도 별 미션 보상 3,3,60000001,250,250
31083632,모험 8지역 3난이도 별 미션 보상 3,3,60000002,400,400
31083641,모험 8지역 3난이도 별 미션 보상 4,3,60000001,250,250
31083642,모험 8지역 3난이도 별 미션 보상 4,3,60000002,400,400
31083651,모험 8지역 3난이도 별 미션 보상 5,3,60000001,250,250
31083652,모험 8지역 3난이도 별 미션 보상 5,3,60000002,400,400
31093611,모험 9지역 3난이도 별 미션 보상 1,3,60000001,250,250
31093612,모험 9지역 3난이도 별 미션 보상 1,3,60000002,400,400
31093621,모험 9지역 3난이도 별 미션 보상 2,3,60000001,250,250
31093622,모험 9지역 3난이도 별 미션 보상 2,3,60000002,400,400
31093631,모험 9지역 3난이도 별 미션 보상 3,3,60000001,250,250
31093632,모험 9지역 3난이도 별 미션 보상 3,3,60000002,400,400
31093641,모험 9지역 3난이도 별 미션 보상 4,3,60000001,250,250
31093642,모험 9지역 3난이도 별 미션 보상 4,3,60000002,400,400
31093651,모험 9지역 3난이도 별 미션 보상 5,3,60000001,250,250
31093652,모험 9지역 3난이도 별 미션 보상 5,3,60000002,400,400
31103611,모험 10지역 3난이도 별 미션 보상 1,3,60000001,250,250
31103612,모험 10지역 3난이도 별 미션 보상 1,3,60000002,400,400
31103621,모험 10지역 3난이도 별 미션 보상 2,3,60000001,250,250
31103622,모험 10지역 3난이도 별 미션 보상 2,3,60000002,400,400
31103631,모험 10지역 3난이도 별 미션 보상 3,3,60000001,250,250
31103632,모험 10지역 3난이도 별 미션 보상 3,3,60000002,400,400
31103641,모험 10지역 3난이도 별 미션 보상 4,3,60000001,250,250
31103642,모험 10지역 3난이도 별 미션 보상 4,3,60000002,400,400
31103651,모험 10지역 3난이도 별 미션 보상 5,3,60000001,250,250
31103652,모험 10지역 3난이도 별 미션 보상 5,3,60000002,400,400
31113611,모험 11지역 3난이도 별 미션 보상 1,3,60000001,250,250
31113612,모험 11지역 3난이도 별 미션 보상 1,3,60000002,400,400
31113621,모험 11지역 3난이도 별 미션 보상 2,3,60000001,250,250
31113622,모험 11지역 3난이도 별 미션 보상 2,3,60000002,400,400
31113631,모험 11지역 3난이도 별 미션 보상 3,3,60000001,250,250
31113632,모험 11지역 3난이도 별 미션 보상 3,3,60000002,400,400
31113641,모험 11지역 3난이도 별 미션 보상 4,3,60000001,250,250
31113642,모험 11지역 3난이도 별 미션 보상 4,3,60000002,400,400
31113651,모험 11지역 3난이도 별 미션 보상 5,3,60000001,250,250
31113652,모험 11지역 3난이도 별 미션 보상 5,3,60000002,400,400
30000104,귀환포인트상점 - 3성 영웅 프리스트,1,10355000,1,1
30000204,아레나상점 - 3성 영웅 날개기사,1,10324000,1,1
30000011,신규 유저 출석보상 1일차 보상,3,60000001,20,20
30000021,신규 유저 출석보상 2일차 보상,3,60000001,40,40
30000031,신규 유저 출석보상 3일차 보상,3,60000001,60,60
30000041,신규 유저 출석보상 4일차 보상,3,60000001,80,80
30000051,신규 유저 출석보상 5일차 보상,3,60000002,1000,1000
30000061,신규 유저 출석보상 6일차 1번 보상,3,60000002,3000,3000
30000061,신규 유저 출석보상 6일차 2번 보상,3,60000001,150,150
30000071,신규 유저 출석보상 7일차 1번 보상,3,60000002,5000,5000
30000071,신규 유저 출석보상 7일차 2번 보상,3,60000001,200,200
30000071,신규 유저 출석보상 7일차 3번 보상,3,60000201,400,400
30050101,출석 1티어 1일차 1,3,60000002,1000,1000
30050111,출석 1티어 2일차 1,3,60000201,100,100
30050121,출석 1티어 3일차 1,3,60000002,1000,1000
30050131,출석 1티어 4일차 1,3,60000201,100,100
30050141,출석 1티어 5일차 1,3,60000002,1000,1000
30050151,출석 1티어 6일차 1,3,60000201,100,100
30050161,출석 1티어 7일차 1,3,60000002,1000,1000
30050171,출석 1티어 8일차 1,3,60000201,100,100
30050181,출석 1티어 9일차 1,3,60000002,4000,4000
30050191,출석 1티어 10일차 1,3,60000001,100,100
30050201,출석 2티어 1일차 1,3,60000002,2000,2000
30050211,출석 2티어 2일차 1,3,60000201,200,200
30050221,출석 2티어 3일차 1,3,60000002,2000,2000
30050231,출석 2티어 4일차 1,3,60000201,200,200
30050241,출석 2티어 5일차 1,3,60000002,2000,2000
30050251,출석 2티어 6일차 1,3,60000201,200,200
30050261,출석 2티어 7일차 1,3,60000002,2000,2000
30050271,출석 2티어 8일차 1,3,60000201,200,200
30050281,출석 2티어 9일차 1,3,60000002,8000,8000
30050291,출석 2티어 10일차 1,3,60000001,150,150
30050301,출석 3티어 1일차 1,3,60000002,1500,1500
30050311,출석 3티어 2일차 1,3,60000201,150,150
30050321,출석 3티어 3일차 1,3,60000002,1500,1500
30050331,출석 3티어 4일차 1,3,60000201,150,150
30050341,출석 3티어 5일차 1,3,60000002,1500,1500
30050351,출석 3티어 6일차 1,3,60000201,150,150
30050361,출석 3티어 7일차 1,3,60000002,1500,1500
30050371,출석 3티어 8일차 1,3,60000201,150,150
30050381,출석 3티어 9일차 1,3,60000002,6000,6000
30050391,출석 3티어 10일차 1,3,60000001,200,200
30050401,출석 4티어 1일차 1,3,60000002,3000,3000
30050411,출석 4티어 2일차 1,3,60000201,300,300
30050421,출석 4티어 3일차 1,3,60000002,3000,3000
30050431,출석 4티어 4일차 1,3,60000201,300,300
30050441,출석 4티어 5일차 1,3,60000002,3000,3000
30050451,출석 4티어 6일차 1,3,60000201,300,300
30050461,출석 4티어 7일차 1,3,60000002,3000,3000
30050471,출석 4티어 8일차 1,3,60000201,300,300
30050481,출석 4티어 9일차 1,3,60000002,12000,12000
30050491,출석 4티어 10일차 1,3,60000001,225,225
30050501,출석 5티어 1일차 1,3,60000002,2500,2500
30050511,출석 5티어 2일차 1,3,60000201,250,250
30050521,출석 5티어 3일차 1,3,60000002,2500,2500
30050531,출석 5티어 4일차 1,3,60000201,250,250
30050541,출석 5티어 5일차 1,3,60000002,2500,2500
30050551,출석 5티어 6일차 1,3,60000201,250,250
30050561,출석 5티어 7일차 1,3,60000002,2500,2500
30050571,출석 5티어 8일차 1,3,60000201,250,250
30050581,출석 5티어 9일차 1,3,60000002,15000,15000
30050591,출석 5티어 10일차 1,3,60000001,250,250
34000111,다크네스트 경험치석 Lv.1,3,60000201,10,20
34000211,다크네스트 경험치석 Lv.2,3,60000201,13,27
34000311,다크네스트 경험치석 Lv.3,3,60000201,16,32
34000411,다크네스트 경험치석 Lv.4,3,60000201,19,38
34000511,다크네스트 경험치석 Lv.5,3,60000201,22,44
34000611,다크네스트 경험치석 Lv.6,3,60000201,25,50
34000711,다크네스트 경험치석 Lv.7,3,60000201,28,56
34000811,다크네스트 경험치석 Lv.8,3,60000201,31,62
34000911,다크네스트 경험치석 Lv.9,3,60000201,34,68
34001011,다크네스트 경험치석 Lv.10,3,60000201,37,74
34001111,다크네스트 경험치석 Lv.11,3,60000201,40,80
34001211,다크네스트 경험치석 Lv.12,3,60000201,43,86
34001311,다크네스트 경험치석 Lv.13,3,60000201,46,92
34001411,다크네스트 경험치석 Lv.14,3,60000201,49,98
34001511,다크네스트 경험치석 Lv.15,3,60000201,52,104
34001611,다크네스트 경험치석 Lv.16,3,60000201,55,110
34001711,다크네스트 경험치석 Lv.17,3,60000201,58,116
34001811,다크네스트 경험치석 Lv.18,3,60000201,61,122
34001911,다크네스트 경험치석 Lv.19,3,60000201,64,128
34002011,다크네스트 경험치석 Lv.20,3,60000201,67,134
34002111,다크네스트 경험치석 Lv.21,3,60000201,70,140
34002211,다크네스트 경험치석 Lv.22,3,60000201,73,146
34002311,다크네스트 경험치석 Lv.23,3,60000201,76,152
34002411,다크네스트 경험치석 Lv.24,3,60000201,79,158
34002511,다크네스트 경험치석 Lv.25,3,60000201,82,164
34002611,다크네스트 경험치석 Lv.26,3,60000201,85,170
34002711,다크네스트 경험치석 Lv.27,3,60000201,88,176
34002811,다크네스트 경험치석 Lv.28,3,60000201,91,182
34002911,다크네스트 경험치석 Lv.29,3,60000201,94,188
34003011,다크네스트 경험치석 Lv.30,3,60000201,97,194
34000121,다크네스트 골드 Lv.1,3,60000002,100,200
34000221,다크네스트 골드 Lv.2,3,60000002,130,270
34000321,다크네스트 골드 Lv.3,3,60000002,160,320
34000421,다크네스트 골드 Lv.4,3,60000002,190,380
34000521,다크네스트 골드 Lv.5,3,60000002,220,440
34000621,다크네스트 골드 Lv.6,3,60000002,250,500
34000721,다크네스트 골드 Lv.7,3,60000002,280,560
34000821,다크네스트 골드 Lv.8,3,60000002,310,620
34000921,다크네스트 골드 Lv.9,3,60000002,340,680
34001021,다크네스트 골드 Lv.10,3,60000002,370,740
34001121,다크네스트 골드 Lv.11,3,60000002,400,800
34001221,다크네스트 골드 Lv.12,3,60000002,430,860
34001321,다크네스트 골드 Lv.13,3,60000002,460,920
34001421,다크네스트 골드 Lv.14,3,60000002,490,980
34001521,다크네스트 골드 Lv.15,3,60000002,520,1040
34001621,다크네스트 골드 Lv.16,3,60000002,550,1100
34001721,다크네스트 골드 Lv.17,3,60000002,580,1160
34001821,다크네스트 골드 Lv.18,3,60000002,610,1220
34001921,다크네스트 골드 Lv.19,3,60000002,640,1280
34002021,다크네스트 골드 Lv.20,3,60000002,670,1340
34002121,다크네스트 골드 Lv.21,3,60000002,700,1400
34002221,다크네스트 골드 Lv.22,3,60000002,730,1460
34002321,다크네스트 골드 Lv.23,3,60000002,760,1520
34002421,다크네스트 골드 Lv.24,3,60000002,790,1580
34002521,다크네스트 골드 Lv.25,3,60000002,820,1640
34002621,다크네스트 골드 Lv.26,3,60000002,850,1700
34002721,다크네스트 골드 Lv.27,3,60000002,880,1760
34002821,다크네스트 골드 Lv.28,3,60000002,910,1820
34002921,다크네스트 골드 Lv.29,3,60000002,940,1880
34003021,다크네스트 골드 Lv.30,3,60000002,970,1940
34010111,다크네스트 제작재료 1-1-1,3,60310101,1,2
34010211,다크네스트 제작재료 1-1-2,3,60310101,2,4
34010311,다크네스트 제작재료 1-1-3,3,60310101,3,6
34010411,다크네스트 제작재료 1-1-4,3,60310101,4,8
34010511,다크네스트 제작재료 1-1-5,3,60310101,5,10
34010611,다크네스트 제작재료 1-1-6,3,60310101,6,12
34010711,다크네스트 제작재료 1-1-7,3,60310101,7,14
34010811,다크네스트 제작재료 1-1-8,3,60310101,8,16
34010911,다크네스트 제작재료 1-1-9,3,60310101,9,18
34011011,다크네스트 제작재료 1-1-10,3,60310101,10,20
34011111,다크네스트 제작재료 1-1-11,3,60310101,11,22
34011211,다크네스트 제작재료 1-1-12,3,60310101,12,24
34011311,다크네스트 제작재료 1-1-13,3,60310101,13,26
34011411,다크네스트 제작재료 1-1-14,3,60310101,14,28
34011511,다크네스트 제작재료 1-1-15,3,60310101,15,30
34011611,다크네스트 제작재료 1-1-16,3,60310101,16,32
34011711,다크네스트 제작재료 1-1-17,3,60310101,17,34
34011811,다크네스트 제작재료 1-1-18,3,60310101,18,36
34011911,다크네스트 제작재료 1-1-19,3,60310101,19,38
34012011,다크네스트 제작재료 1-1-20,3,60310101,20,40
34012111,다크네스트 제작재료 1-1-21,3,60310101,21,42
34012211,다크네스트 제작재료 1-1-22,3,60310101,22,44
34012311,다크네스트 제작재료 1-1-23,3,60310101,23,46
34012411,다크네스트 제작재료 1-1-24,3,60310101,24,48
34012511,다크네스트 제작재료 1-1-25,3,60310101,25,50
34012611,다크네스트 제작재료 1-1-26,3,60310101,26,52
34012711,다크네스트 제작재료 1-1-27,3,60310101,27,54
34012811,다크네스트 제작재료 1-1-28,3,60310101,28,56
34012911,다크네스트 제작재료 1-1-29,3,60310101,29,58
34013011,다크네스트 제작재료 1-1-30,3,60310101,30,60
34013111,다크네스트 제작재료 1-1-31,3,60310101,31,62
34013211,다크네스트 제작재료 1-1-32,3,60310101,32,64
34013311,다크네스트 제작재료 1-1-33,3,60310101,33,66
34013411,다크네스트 제작재료 1-1-34,3,60310101,34,68
34013511,다크네스트 제작재료 1-1-35,3,60310101,35,70
34013611,다크네스트 제작재료 1-1-36,3,60310101,36,72
34013711,다크네스트 제작재료 1-1-37,3,60310101,37,74
34013811,다크네스트 제작재료 1-1-38,3,60310101,38,76
34013911,다크네스트 제작재료 1-1-39,3,60310101,39,78
34014011,다크네스트 제작재료 1-1-40,3,60310101,40,80
34010112,다크네스트 제작재료 1-2-01,3,60310102,1,2
34010212,다크네스트 제작재료 1-2-02,3,60310102,2,4
34010312,다크네스트 제작재료 1-2-03,3,60310102,3,6
34010412,다크네스트 제작재료 1-2-04,3,60310102,4,8
34010512,다크네스트 제작재료 1-2-05,3,60310102,5,10
34010612,다크네스트 제작재료 1-2-06,3,60310102,6,12
34010712,다크네스트 제작재료 1-2-07,3,60310102,7,14
34010812,다크네스트 제작재료 1-2-08,3,60310102,8,16
34010912,다크네스트 제작재료 1-2-09,3,60310102,9,18
34011012,다크네스트 제작재료 1-2-10,3,60310102,10,20
34011112,다크네스트 제작재료 1-2-11,3,60310102,11,22
34011212,다크네스트 제작재료 1-2-12,3,60310102,12,24
34011312,다크네스트 제작재료 1-2-13,3,60310102,13,26
34011412,다크네스트 제작재료 1-2-14,3,60310102,14,28
34011512,다크네스트 제작재료 1-2-15,3,60310102,15,30
34011612,다크네스트 제작재료 1-2-16,3,60310102,16,32
34011712,다크네스트 제작재료 1-2-17,3,60310102,17,34
34011812,다크네스트 제작재료 1-2-18,3,60310102,18,36
34011912,다크네스트 제작재료 1-2-19,3,60310102,19,38
34012012,다크네스트 제작재료 1-2-20,3,60310102,20,40
34012112,다크네스트 제작재료 1-2-21,3,60310102,21,42
34012212,다크네스트 제작재료 1-2-22,3,60310102,22,44
34012312,다크네스트 제작재료 1-2-23,3,60310102,23,46
34012412,다크네스트 제작재료 1-2-24,3,60310102,24,48
34012512,다크네스트 제작재료 1-2-25,3,60310102,25,50
34012612,다크네스트 제작재료 1-2-26,3,60310102,26,52
34012712,다크네스트 제작재료 1-2-27,3,60310102,27,54
34012812,다크네스트 제작재료 1-2-28,3,60310102,28,56
34012912,다크네스트 제작재료 1-2-29,3,60310102,29,58
34013012,다크네스트 제작재료 1-2-30,3,60310102,30,60
34013112,다크네스트 제작재료 1-2-31,3,60310102,31,62
34013212,다크네스트 제작재료 1-2-32,3,60310102,32,64
34013312,다크네스트 제작재료 1-2-33,3,60310102,33,66
34013412,다크네스트 제작재료 1-2-34,3,60310102,34,68
34013512,다크네스트 제작재료 1-2-35,3,60310102,35,70
34013612,다크네스트 제작재료 1-2-36,3,60310102,36,72
34013712,다크네스트 제작재료 1-2-37,3,60310102,37,74
34013812,다크네스트 제작재료 1-2-38,3,60310102,38,76
34013912,다크네스트 제작재료 1-2-39,3,60310102,39,78
34014012,다크네스트 제작재료 1-2-40,3,60310102,40,80
34010013,다크네스트 제작재료 1-3-00,3,60310103,0,0
34010113,다크네스트 제작재료 1-3-01,3,60310103,1,2
34010213,다크네스트 제작재료 1-3-02,3,60310103,2,4
34010313,다크네스트 제작재료 1-3-03,3,60310103,3,6
34010413,다크네스트 제작재료 1-3-04,3,60310103,4,8
34010513,다크네스트 제작재료 1-3-05,3,60310103,5,10
34010613,다크네스트 제작재료 1-3-06,3,60310103,6,12
34010713,다크네스트 제작재료 1-3-07,3,60310103,7,14
34010813,다크네스트 제작재료 1-3-08,3,60310103,8,16
34010913,다크네스트 제작재료 1-3-09,3,60310103,9,18
34011013,다크네스트 제작재료 1-3-10,3,60310103,10,20
34011113,다크네스트 제작재료 1-3-11,3,60310103,11,22
34011213,다크네스트 제작재료 1-3-12,3,60310103,12,24
34011313,다크네스트 제작재료 1-3-13,3,60310103,13,26
34011413,다크네스트 제작재료 1-3-14,3,60310103,14,28
34011513,다크네스트 제작재료 1-3-15,3,60310103,15,30
34011613,다크네스트 제작재료 1-3-16,3,60310103,16,32
34011713,다크네스트 제작재료 1-3-17,3,60310103,17,34
34011813,다크네스트 제작재료 1-3-18,3,60310103,18,36
34011913,다크네스트 제작재료 1-3-19,3,60310103,19,38
34012013,다크네스트 제작재료 1-3-20,3,60310103,20,40
34012113,다크네스트 제작재료 1-3-21,3,60310103,21,42
34012213,다크네스트 제작재료 1-3-22,3,60310103,22,44
34012313,다크네스트 제작재료 1-3-23,3,60310103,23,46
34012413,다크네스트 제작재료 1-3-24,3,60310103,24,48
34012513,다크네스트 제작재료 1-3-25,3,60310103,25,50
34012613,다크네스트 제작재료 1-3-26,3,60310103,26,52
34012713,다크네스트 제작재료 1-3-27,3,60310103,27,54
34012813,다크네스트 제작재료 1-3-28,3,60310103,28,56
34012913,다크네스트 제작재료 1-3-29,3,60310103,29,58
34013013,다크네스트 제작재료 1-3-30,3,60310103,30,60
34013113,다크네스트 제작재료 1-3-31,3,60310103,31,62
34013213,다크네스트 제작재료 1-3-32,3,60310103,32,64
34013313,다크네스트 제작재료 1-3-33,3,60310103,33,66
34013413,다크네스트 제작재료 1-3-34,3,60310103,34,68
34013513,다크네스트 제작재료 1-3-35,3,60310103,35,70
34013613,다크네스트 제작재료 1-3-36,3,60310103,36,72
34013713,다크네스트 제작재료 1-3-37,3,60310103,37,74
34013813,다크네스트 제작재료 1-3-38,3,60310103,38,76
34013913,다크네스트 제작재료 1-3-39,3,60310103,39,78
34014013,다크네스트 제작재료 1-3-40,3,60310103,40,80
34020111,다크네스트 제작재료 2-1-1,3,60310201,1,2
34020211,다크네스트 제작재료 2-1-2,3,60310201,2,4
34020311,다크네스트 제작재료 2-1-3,3,60310201,3,6
34020411,다크네스트 제작재료 2-1-4,3,60310201,4,8
34020511,다크네스트 제작재료 2-1-5,3,60310201,5,10
34020611,다크네스트 제작재료 2-1-6,3,60310201,6,12
34020711,다크네스트 제작재료 2-1-7,3,60310201,7,14
34020811,다크네스트 제작재료 2-1-8,3,60310201,8,16
34020911,다크네스트 제작재료 2-1-9,3,60310201,9,18
34021011,다크네스트 제작재료 2-1-10,3,60310201,10,20
34021111,다크네스트 제작재료 2-1-11,3,60310201,11,22
34021211,다크네스트 제작재료 2-1-12,3,60310201,12,24
34021311,다크네스트 제작재료 2-1-13,3,60310201,13,26
34021411,다크네스트 제작재료 2-1-14,3,60310201,14,28
34021511,다크네스트 제작재료 2-1-15,3,60310201,15,30
34021611,다크네스트 제작재료 2-1-16,3,60310201,16,32
34021711,다크네스트 제작재료 2-1-17,3,60310201,17,34
34021811,다크네스트 제작재료 2-1-18,3,60310201,18,36
34021911,다크네스트 제작재료 2-1-19,3,60310201,19,38
34022011,다크네스트 제작재료 2-1-20,3,60310201,20,40
34022111,다크네스트 제작재료 2-1-21,3,60310201,21,42
34022211,다크네스트 제작재료 2-1-22,3,60310201,22,44
34022311,다크네스트 제작재료 2-1-23,3,60310201,23,46
34022411,다크네스트 제작재료 2-1-24,3,60310201,24,48
34022511,다크네스트 제작재료 2-1-25,3,60310201,25,50
34022611,다크네스트 제작재료 2-1-26,3,60310201,26,52
34022711,다크네스트 제작재료 2-1-27,3,60310201,27,54
34022811,다크네스트 제작재료 2-1-28,3,60310201,28,56
34022911,다크네스트 제작재료 2-1-29,3,60310201,29,58
34023011,다크네스트 제작재료 2-1-30,3,60310201,30,60
34023111,다크네스트 제작재료 2-1-31,3,60310201,31,62
34023211,다크네스트 제작재료 2-1-32,3,60310201,32,64
34023311,다크네스트 제작재료 2-1-33,3,60310201,33,66
34023411,다크네스트 제작재료 2-1-34,3,60310201,34,68
34023511,다크네스트 제작재료 2-1-35,3,60310201,35,70
34023611,다크네스트 제작재료 2-1-36,3,60310201,36,72
34023711,다크네스트 제작재료 2-1-37,3,60310201,37,74
34023811,다크네스트 제작재료 2-1-38,3,60310201,38,76
34023911,다크네스트 제작재료 2-1-39,3,60310201,39,78
34024011,다크네스트 제작재료 2-1-40,3,60310201,40,80
34020112,다크네스트 제작재료 2-2-01,3,60310202,1,2
34020212,다크네스트 제작재료 2-2-02,3,60310202,2,4
34020312,다크네스트 제작재료 2-2-03,3,60310202,3,6
34020412,다크네스트 제작재료 2-2-04,3,60310202,4,8
34020512,다크네스트 제작재료 2-2-05,3,60310202,5,10
34020612,다크네스트 제작재료 2-2-06,3,60310202,6,12
34020712,다크네스트 제작재료 2-2-07,3,60310202,7,14
34020812,다크네스트 제작재료 2-2-08,3,60310202,8,16
34020912,다크네스트 제작재료 2-2-09,3,60310202,9,18
34021012,다크네스트 제작재료 2-2-10,3,60310202,10,20
34021112,다크네스트 제작재료 2-2-11,3,60310202,11,22
34021212,다크네스트 제작재료 2-2-12,3,60310202,12,24
34021312,다크네스트 제작재료 2-2-13,3,60310202,13,26
34021412,다크네스트 제작재료 2-2-14,3,60310202,14,28
34021512,다크네스트 제작재료 2-2-15,3,60310202,15,30
34021612,다크네스트 제작재료 2-2-16,3,60310202,16,32
34021712,다크네스트 제작재료 2-2-17,3,60310202,17,34
34021812,다크네스트 제작재료 2-2-18,3,60310202,18,36
34021912,다크네스트 제작재료 2-2-19,3,60310202,19,38
34022012,다크네스트 제작재료 2-2-20,3,60310202,20,40
34022112,다크네스트 제작재료 2-2-21,3,60310202,21,42
34022212,다크네스트 제작재료 2-2-22,3,60310202,22,44
34022312,다크네스트 제작재료 2-2-23,3,60310202,23,46
34022412,다크네스트 제작재료 2-2-24,3,60310202,24,48
34022512,다크네스트 제작재료 2-2-25,3,60310202,25,50
34022612,다크네스트 제작재료 2-2-26,3,60310202,26,52
34022712,다크네스트 제작재료 2-2-27,3,60310202,27,54
34022812,다크네스트 제작재료 2-2-28,3,60310202,28,56
34022912,다크네스트 제작재료 2-2-29,3,60310202,29,58
34023012,다크네스트 제작재료 2-2-30,3,60310202,30,60
34023112,다크네스트 제작재료 2-2-31,3,60310202,31,62
34023212,다크네스트 제작재료 2-2-32,3,60310202,32,64
34023312,다크네스트 제작재료 2-2-33,3,60310202,33,66
34023412,다크네스트 제작재료 2-2-34,3,60310202,34,68
34023512,다크네스트 제작재료 2-2-35,3,60310202,35,70
34023612,다크네스트 제작재료 2-2-36,3,60310202,36,72
34023712,다크네스트 제작재료 2-2-37,3,60310202,37,74
34023812,다크네스트 제작재료 2-2-38,3,60310202,38,76
34023912,다크네스트 제작재료 2-2-39,3,60310202,39,78
34024012,다크네스트 제작재료 2-2-40,3,60310202,40,80
34020113,다크네스트 제작재료 2-3-01,3,60310203,1,2
34020213,다크네스트 제작재료 2-3-02,3,60310203,2,4
34020313,다크네스트 제작재료 2-3-03,3,60310203,3,6
34020413,다크네스트 제작재료 2-3-04,3,60310203,4,8
34020513,다크네스트 제작재료 2-3-05,3,60310203,5,10
34020613,다크네스트 제작재료 2-3-06,3,60310203,6,12
34020713,다크네스트 제작재료 2-3-07,3,60310203,7,14
34020813,다크네스트 제작재료 2-3-08,3,60310203,8,16
34020913,다크네스트 제작재료 2-3-09,3,60310203,9,18
34021013,다크네스트 제작재료 2-3-10,3,60310203,10,20
34021113,다크네스트 제작재료 2-3-11,3,60310203,11,22
34021213,다크네스트 제작재료 2-3-12,3,60310203,12,24
34021313,다크네스트 제작재료 2-3-13,3,60310203,13,26
34021413,다크네스트 제작재료 2-3-14,3,60310203,14,28
34021513,다크네스트 제작재료 2-3-15,3,60310203,15,30
34021613,다크네스트 제작재료 2-3-16,3,60310203,16,32
34021713,다크네스트 제작재료 2-3-17,3,60310203,17,34
34021813,다크네스트 제작재료 2-3-18,3,60310203,18,36
34021913,다크네스트 제작재료 2-3-19,3,60310203,19,38
34022013,다크네스트 제작재료 2-3-20,3,60310203,20,40
34022113,다크네스트 제작재료 2-3-21,3,60310203,21,42
34022213,다크네스트 제작재료 2-3-22,3,60310203,22,44
34022313,다크네스트 제작재료 2-3-23,3,60310203,23,46
34022413,다크네스트 제작재료 2-3-24,3,60310203,24,48
34022513,다크네스트 제작재료 2-3-25,3,60310203,25,50
34022613,다크네스트 제작재료 2-3-26,3,60310203,26,52
34022713,다크네스트 제작재료 2-3-27,3,60310203,27,54
34022813,다크네스트 제작재료 2-3-28,3,60310203,28,56
34022913,다크네스트 제작재료 2-3-29,3,60310203,29,58
34023013,다크네스트 제작재료 2-3-30,3,60310203,30,60
34023113,다크네스트 제작재료 2-3-31,3,60310203,31,62
34023213,다크네스트 제작재료 2-3-32,3,60310203,32,64
34023313,다크네스트 제작재료 2-3-33,3,60310203,33,66
34023413,다크네스트 제작재료 2-3-34,3,60310203,34,68
34023513,다크네스트 제작재료 2-3-35,3,60310203,35,70
34023613,다크네스트 제작재료 2-3-36,3,60310203,36,72
34023713,다크네스트 제작재료 2-3-37,3,60310203,37,74
34023813,다크네스트 제작재료 2-3-38,3,60310203,38,76
34023913,다크네스트 제작재료 2-3-39,3,60310203,39,78
34024013,다크네스트 제작재료 2-3-40,3,60310203,40,80
34030111,다크네스트 제작재료 3-1-1,3,60310301,1,2
34030211,다크네스트 제작재료 3-1-2,3,60310301,2,4
34030311,다크네스트 제작재료 3-1-3,3,60310301,3,6
34030411,다크네스트 제작재료 3-1-4,3,60310301,4,8
34030511,다크네스트 제작재료 3-1-5,3,60310301,5,10
34030611,다크네스트 제작재료 3-1-6,3,60310301,6,12
34030711,다크네스트 제작재료 3-1-7,3,60310301,7,14
34030811,다크네스트 제작재료 3-1-8,3,60310301,8,16
34030911,다크네스트 제작재료 3-1-9,3,60310301,9,18
34031011,다크네스트 제작재료 3-1-10,3,60310301,10,20
34031111,다크네스트 제작재료 3-1-11,3,60310301,11,22
34031211,다크네스트 제작재료 3-1-12,3,60310301,12,24
34031311,다크네스트 제작재료 3-1-13,3,60310301,13,26
34031411,다크네스트 제작재료 3-1-14,3,60310301,14,28
34031511,다크네스트 제작재료 3-1-15,3,60310301,15,30
34031611,다크네스트 제작재료 3-1-16,3,60310301,16,32
34031711,다크네스트 제작재료 3-1-17,3,60310301,17,34
34031811,다크네스트 제작재료 3-1-18,3,60310301,18,36
34031911,다크네스트 제작재료 3-1-19,3,60310301,19,38
34032011,다크네스트 제작재료 3-1-20,3,60310301,20,40
34032111,다크네스트 제작재료 3-1-21,3,60310301,21,42
34032211,다크네스트 제작재료 3-1-22,3,60310301,22,44
34032311,다크네스트 제작재료 3-1-23,3,60310301,23,46
34032411,다크네스트 제작재료 3-1-24,3,60310301,24,48
34032511,다크네스트 제작재료 3-1-25,3,60310301,25,50
34032611,다크네스트 제작재료 3-1-26,3,60310301,26,52
34032711,다크네스트 제작재료 3-1-27,3,60310301,27,54
34032811,다크네스트 제작재료 3-1-28,3,60310301,28,56
34032911,다크네스트 제작재료 3-1-29,3,60310301,29,58
34033011,다크네스트 제작재료 3-1-30,3,60310301,30,60
34033111,다크네스트 제작재료 3-1-31,3,60310301,31,62
34033211,다크네스트 제작재료 3-1-32,3,60310301,32,64
34033311,다크네스트 제작재료 3-1-33,3,60310301,33,66
34033411,다크네스트 제작재료 3-1-34,3,60310301,34,68
34033511,다크네스트 제작재료 3-1-35,3,60310301,35,70
34033611,다크네스트 제작재료 3-1-36,3,60310301,36,72
34033711,다크네스트 제작재료 3-1-37,3,60310301,37,74
34033811,다크네스트 제작재료 3-1-38,3,60310301,38,76
34033911,다크네스트 제작재료 3-1-39,3,60310301,39,78
34034011,다크네스트 제작재료 3-1-40,3,60310301,40,80
34030012,다크네스트 제작재료 3-2-00,3,60310302,0,0
34030112,다크네스트 제작재료 3-2-01,3,60310302,1,2
34030212,다크네스트 제작재료 3-2-02,3,60310302,2,4
34030312,다크네스트 제작재료 3-2-03,3,60310302,3,6
34030412,다크네스트 제작재료 3-2-04,3,60310302,4,8
34030512,다크네스트 제작재료 3-2-05,3,60310302,5,10
34030612,다크네스트 제작재료 3-2-06,3,60310302,6,12
34030712,다크네스트 제작재료 3-2-07,3,60310302,7,14
34030812,다크네스트 제작재료 3-2-08,3,60310302,8,16
34030912,다크네스트 제작재료 3-2-09,3,60310302,9,18
34031012,다크네스트 제작재료 3-2-10,3,60310302,10,20
34031112,다크네스트 제작재료 3-2-11,3,60310302,11,22
34031212,다크네스트 제작재료 3-2-12,3,60310302,12,24
34031312,다크네스트 제작재료 3-2-13,3,60310302,13,26
34031412,다크네스트 제작재료 3-2-14,3,60310302,14,28
34031512,다크네스트 제작재료 3-2-15,3,60310302,15,30
34031612,다크네스트 제작재료 3-2-16,3,60310302,16,32
34031712,다크네스트 제작재료 3-2-17,3,60310302,17,34
34031812,다크네스트 제작재료 3-2-18,3,60310302,18,36
34031912,다크네스트 제작재료 3-2-19,3,60310302,19,38
34032012,다크네스트 제작재료 3-2-20,3,60310302,20,40
34032112,다크네스트 제작재료 3-2-21,3,60310302,21,42
34032212,다크네스트 제작재료 3-2-22,3,60310302,22,44
34032312,다크네스트 제작재료 3-2-23,3,60310302,23,46
34032412,다크네스트 제작재료 3-2-24,3,60310302,24,48
34032512,다크네스트 제작재료 3-2-25,3,60310302,25,50
34032612,다크네스트 제작재료 3-2-26,3,60310302,26,52
34032712,다크네스트 제작재료 3-2-27,3,60310302,27,54
34032812,다크네스트 제작재료 3-2-28,3,60310302,28,56
34032912,다크네스트 제작재료 3-2-29,3,60310302,29,58
34033012,다크네스트 제작재료 3-2-30,3,60310302,30,60
34033112,다크네스트 제작재료 3-2-31,3,60310302,31,62
34033212,다크네스트 제작재료 3-2-32,3,60310302,32,64
34033312,다크네스트 제작재료 3-2-33,3,60310302,33,66
34033412,다크네스트 제작재료 3-2-34,3,60310302,34,68
34033512,다크네스트 제작재료 3-2-35,3,60310302,35,70
34033612,다크네스트 제작재료 3-2-36,3,60310302,36,72
34033712,다크네스트 제작재료 3-2-37,3,60310302,37,74
34033812,다크네스트 제작재료 3-2-38,3,60310302,38,76
34033912,다크네스트 제작재료 3-2-39,3,60310302,39,78
34034012,다크네스트 제작재료 3-2-40,3,60310302,40,80
34030113,다크네스트 제작재료 3-3-01,3,60310303,1,2
34030213,다크네스트 제작재료 3-3-02,3,60310303,2,4
34030313,다크네스트 제작재료 3-3-03,3,60310303,3,6
34030413,다크네스트 제작재료 3-3-04,3,60310303,4,8
34030513,다크네스트 제작재료 3-3-05,3,60310303,5,10
34030613,다크네스트 제작재료 3-3-06,3,60310303,6,12
34030713,다크네스트 제작재료 3-3-07,3,60310303,7,14
34030813,다크네스트 제작재료 3-3-08,3,60310303,8,16
34030913,다크네스트 제작재료 3-3-09,3,60310303,9,18
34031013,다크네스트 제작재료 3-3-10,3,60310303,10,20
34031113,다크네스트 제작재료 3-3-11,3,60310303,11,22
34031213,다크네스트 제작재료 3-3-12,3,60310303,12,24
34031313,다크네스트 제작재료 3-3-13,3,60310303,13,26
34031413,다크네스트 제작재료 3-3-14,3,60310303,14,28
34031513,다크네스트 제작재료 3-3-15,3,60310303,15,30
34031613,다크네스트 제작재료 3-3-16,3,60310303,16,32
34031713,다크네스트 제작재료 3-3-17,3,60310303,17,34
34031813,다크네스트 제작재료 3-3-18,3,60310303,18,36
34031913,다크네스트 제작재료 3-3-19,3,60310303,19,38
34032013,다크네스트 제작재료 3-3-20,3,60310303,20,40
34032113,다크네스트 제작재료 3-3-21,3,60310303,21,42
34032213,다크네스트 제작재료 3-3-22,3,60310303,22,44
34032313,다크네스트 제작재료 3-3-23,3,60310303,23,46
34032413,다크네스트 제작재료 3-3-24,3,60310303,24,48
34032513,다크네스트 제작재료 3-3-25,3,60310303,25,50
34032613,다크네스트 제작재료 3-3-26,3,60310303,26,52
34032713,다크네스트 제작재료 3-3-27,3,60310303,27,54
34032813,다크네스트 제작재료 3-3-28,3,60310303,28,56
34032913,다크네스트 제작재료 3-3-29,3,60310303,29,58
34033013,다크네스트 제작재료 3-3-30,3,60310303,30,60
34033113,다크네스트 제작재료 3-3-31,3,60310303,31,62
34033213,다크네스트 제작재료 3-3-32,3,60310303,32,64
34033313,다크네스트 제작재료 3-3-33,3,60310303,33,66
34033413,다크네스트 제작재료 3-3-34,3,60310303,34,68
34033513,다크네스트 제작재료 3-3-35,3,60310303,35,70
34033613,다크네스트 제작재료 3-3-36,3,60310303,36,72
34033713,다크네스트 제작재료 3-3-37,3,60310303,37,74
34033813,다크네스트 제작재료 3-3-38,3,60310303,38,76
34033913,다크네스트 제작재료 3-3-39,3,60310303,39,78
34034013,다크네스트 제작재료 3-3-40,3,60310303,40,80
34040111,다크네스트 제작재료 4-1-1,3,60310401,1,2
34040211,다크네스트 제작재료 4-1-2,3,60310401,2,4
34040311,다크네스트 제작재료 4-1-3,3,60310401,3,6
34040411,다크네스트 제작재료 4-1-4,3,60310401,4,8
34040511,다크네스트 제작재료 4-1-5,3,60310401,5,10
34040611,다크네스트 제작재료 4-1-6,3,60310401,6,12
34040711,다크네스트 제작재료 4-1-7,3,60310401,7,14
34040811,다크네스트 제작재료 4-1-8,3,60310401,8,16
34040911,다크네스트 제작재료 4-1-9,3,60310401,9,18
34041011,다크네스트 제작재료 4-1-10,3,60310401,10,20
34041111,다크네스트 제작재료 4-1-11,3,60310401,11,22
34041211,다크네스트 제작재료 4-1-12,3,60310401,12,24
34041311,다크네스트 제작재료 4-1-13,3,60310401,13,26
34041411,다크네스트 제작재료 4-1-14,3,60310401,14,28
34041511,다크네스트 제작재료 4-1-15,3,60310401,15,30
34041611,다크네스트 제작재료 4-1-16,3,60310401,16,32
34041711,다크네스트 제작재료 4-1-17,3,60310401,17,34
34041811,다크네스트 제작재료 4-1-18,3,60310401,18,36
34041911,다크네스트 제작재료 4-1-19,3,60310401,19,38
34042011,다크네스트 제작재료 4-1-20,3,60310401,20,40
34042111,다크네스트 제작재료 4-1-21,3,60310401,21,42
34042211,다크네스트 제작재료 4-1-22,3,60310401,22,44
34042311,다크네스트 제작재료 4-1-23,3,60310401,23,46
34042411,다크네스트 제작재료 4-1-24,3,60310401,24,48
34042511,다크네스트 제작재료 4-1-25,3,60310401,25,50
34042611,다크네스트 제작재료 4-1-26,3,60310401,26,52
34042711,다크네스트 제작재료 4-1-27,3,60310401,27,54
34042811,다크네스트 제작재료 4-1-28,3,60310401,28,56
34042911,다크네스트 제작재료 4-1-29,3,60310401,29,58
34043011,다크네스트 제작재료 4-1-30,3,60310401,30,60
34043111,다크네스트 제작재료 4-1-31,3,60310401,31,62
34043211,다크네스트 제작재료 4-1-32,3,60310401,32,64
34043311,다크네스트 제작재료 4-1-33,3,60310401,33,66
34043411,다크네스트 제작재료 4-1-34,3,60310401,34,68
34043511,다크네스트 제작재료 4-1-35,3,60310401,35,70
34043611,다크네스트 제작재료 4-1-36,3,60310401,36,72
34043711,다크네스트 제작재료 4-1-37,3,60310401,37,74
34043811,다크네스트 제작재료 4-1-38,3,60310401,38,76
34043911,다크네스트 제작재료 4-1-39,3,60310401,39,78
34044011,다크네스트 제작재료 4-1-40,3,60310401,40,80
34040112,다크네스트 제작재료 4-2-01,3,60310402,1,2
34040212,다크네스트 제작재료 4-2-02,3,60310402,2,4
34040312,다크네스트 제작재료 4-2-03,3,60310402,3,6
34040412,다크네스트 제작재료 4-2-04,3,60310402,4,8
34040512,다크네스트 제작재료 4-2-05,3,60310402,5,10
34040612,다크네스트 제작재료 4-2-06,3,60310402,6,12
34040712,다크네스트 제작재료 4-2-07,3,60310402,7,14
34040812,다크네스트 제작재료 4-2-08,3,60310402,8,16
34040912,다크네스트 제작재료 4-2-09,3,60310402,9,18
34041012,다크네스트 제작재료 4-2-10,3,60310402,10,20
34041112,다크네스트 제작재료 4-2-11,3,60310402,11,22
34041212,다크네스트 제작재료 4-2-12,3,60310402,12,24
34041312,다크네스트 제작재료 4-2-13,3,60310402,13,26
34041412,다크네스트 제작재료 4-2-14,3,60310402,14,28
34041512,다크네스트 제작재료 4-2-15,3,60310402,15,30
34041612,다크네스트 제작재료 4-2-16,3,60310402,16,32
34041712,다크네스트 제작재료 4-2-17,3,60310402,17,34
34041812,다크네스트 제작재료 4-2-18,3,60310402,18,36
34041912,다크네스트 제작재료 4-2-19,3,60310402,19,38
34042012,다크네스트 제작재료 4-2-20,3,60310402,20,40
34042112,다크네스트 제작재료 4-2-21,3,60310402,21,42
34042212,다크네스트 제작재료 4-2-22,3,60310402,22,44
34042312,다크네스트 제작재료 4-2-23,3,60310402,23,46
34042412,다크네스트 제작재료 4-2-24,3,60310402,24,48
34042512,다크네스트 제작재료 4-2-25,3,60310402,25,50
34042612,다크네스트 제작재료 4-2-26,3,60310402,26,52
34042712,다크네스트 제작재료 4-2-27,3,60310402,27,54
34042812,다크네스트 제작재료 4-2-28,3,60310402,28,56
34042912,다크네스트 제작재료 4-2-29,3,60310402,29,58
34043012,다크네스트 제작재료 4-2-30,3,60310402,30,60
34043112,다크네스트 제작재료 4-2-31,3,60310402,31,62
34043212,다크네스트 제작재료 4-2-32,3,60310402,32,64
34043312,다크네스트 제작재료 4-2-33,3,60310402,33,66
34043412,다크네스트 제작재료 4-2-34,3,60310402,34,68
34043512,다크네스트 제작재료 4-2-35,3,60310402,35,70
34043612,다크네스트 제작재료 4-2-36,3,60310402,36,72
34043712,다크네스트 제작재료 4-2-37,3,60310402,37,74
34043812,다크네스트 제작재료 4-2-38,3,60310402,38,76
34043912,다크네스트 제작재료 4-2-39,3,60310402,39,78
34044012,다크네스트 제작재료 4-2-40,3,60310402,40,80
34040113,다크네스트 제작재료 4-3-01,3,60310403,1,2
34040213,다크네스트 제작재료 4-3-02,3,60310403,2,4
34040313,다크네스트 제작재료 4-3-03,3,60310403,3,6
34040413,다크네스트 제작재료 4-3-04,3,60310403,4,8
34040513,다크네스트 제작재료 4-3-05,3,60310403,5,10
34040613,다크네스트 제작재료 4-3-06,3,60310403,6,12
34040713,다크네스트 제작재료 4-3-07,3,60310403,7,14
34040813,다크네스트 제작재료 4-3-08,3,60310403,8,16
34040913,다크네스트 제작재료 4-3-09,3,60310403,9,18
34041013,다크네스트 제작재료 4-3-10,3,60310403,10,20
34041113,다크네스트 제작재료 4-3-11,3,60310403,11,22
34041213,다크네스트 제작재료 4-3-12,3,60310403,12,24
34041313,다크네스트 제작재료 4-3-13,3,60310403,13,26
34041413,다크네스트 제작재료 4-3-14,3,60310403,14,28
34041513,다크네스트 제작재료 4-3-15,3,60310403,15,30
34041613,다크네스트 제작재료 4-3-16,3,60310403,16,32
34041713,다크네스트 제작재료 4-3-17,3,60310403,17,34
34041813,다크네스트 제작재료 4-3-18,3,60310403,18,36
34041913,다크네스트 제작재료 4-3-19,3,60310403,19,38
34042013,다크네스트 제작재료 4-3-20,3,60310403,20,40
34042113,다크네스트 제작재료 4-3-21,3,60310403,21,42
34042213,다크네스트 제작재료 4-3-22,3,60310403,22,44
34042313,다크네스트 제작재료 4-3-23,3,60310403,23,46
34042413,다크네스트 제작재료 4-3-24,3,60310403,24,48
34042513,다크네스트 제작재료 4-3-25,3,60310403,25,50
34042613,다크네스트 제작재료 4-3-26,3,60310403,26,52
34042713,다크네스트 제작재료 4-3-27,3,60310403,27,54
34042813,다크네스트 제작재료 4-3-28,3,60310403,28,56
34042913,다크네스트 제작재료 4-3-29,3,60310403,29,58
34043013,다크네스트 제작재료 4-3-30,3,60310403,30,60
34043113,다크네스트 제작재료 4-3-31,3,60310403,31,62
34043213,다크네스트 제작재료 4-3-32,3,60310403,32,64
34043313,다크네스트 제작재료 4-3-33,3,60310403,33,66
34043413,다크네스트 제작재료 4-3-34,3,60310403,34,68
34043513,다크네스트 제작재료 4-3-35,3,60310403,35,70
34043613,다크네스트 제작재료 4-3-36,3,60310403,36,72
34043713,다크네스트 제작재료 4-3-37,3,60310403,37,74
34043813,다크네스트 제작재료 4-3-38,3,60310403,38,76
34043913,다크네스트 제작재료 4-3-39,3,60310403,39,78
34044013,다크네스트 제작재료 4-3-40,3,60310403,40,80
34050111,다크네스트 제작재료 5-1-1,3,60310501,1,2
34050211,다크네스트 제작재료 5-1-2,3,60310501,2,4
34050311,다크네스트 제작재료 5-1-3,3,60310501,3,6
34050411,다크네스트 제작재료 5-1-4,3,60310501,4,8
34050511,다크네스트 제작재료 5-1-5,3,60310501,5,10
34050611,다크네스트 제작재료 5-1-6,3,60310501,6,12
34050711,다크네스트 제작재료 5-1-7,3,60310501,7,14
34050811,다크네스트 제작재료 5-1-8,3,60310501,8,16
34050911,다크네스트 제작재료 5-1-9,3,60310501,9,18
34051011,다크네스트 제작재료 5-1-10,3,60310501,10,20
34051111,다크네스트 제작재료 5-1-11,3,60310501,11,22
34051211,다크네스트 제작재료 5-1-12,3,60310501,12,24
34051311,다크네스트 제작재료 5-1-13,3,60310501,13,26
34051411,다크네스트 제작재료 5-1-14,3,60310501,14,28
34051511,다크네스트 제작재료 5-1-15,3,60310501,15,30
34051611,다크네스트 제작재료 5-1-16,3,60310501,16,32
34051711,다크네스트 제작재료 5-1-17,3,60310501,17,34
34051811,다크네스트 제작재료 5-1-18,3,60310501,18,36
34051911,다크네스트 제작재료 5-1-19,3,60310501,19,38
34052011,다크네스트 제작재료 5-1-20,3,60310501,20,40
34052111,다크네스트 제작재료 5-1-21,3,60310501,21,42
34052211,다크네스트 제작재료 5-1-22,3,60310501,22,44
34052311,다크네스트 제작재료 5-1-23,3,60310501,23,46
34052411,다크네스트 제작재료 5-1-24,3,60310501,24,48
34052511,다크네스트 제작재료 5-1-25,3,60310501,25,50
34052611,다크네스트 제작재료 5-1-26,3,60310501,26,52
34052711,다크네스트 제작재료 5-1-27,3,60310501,27,54
34052811,다크네스트 제작재료 5-1-28,3,60310501,28,56
34052911,다크네스트 제작재료 5-1-29,3,60310501,29,58
34053011,다크네스트 제작재료 5-1-30,3,60310501,30,60
34053111,다크네스트 제작재료 5-1-31,3,60310501,31,62
34053211,다크네스트 제작재료 5-1-32,3,60310501,32,64
34053311,다크네스트 제작재료 5-1-33,3,60310501,33,66
34053411,다크네스트 제작재료 5-1-34,3,60310501,34,68
34053511,다크네스트 제작재료 5-1-35,3,60310501,35,70
34053611,다크네스트 제작재료 5-1-36,3,60310501,36,72
34053711,다크네스트 제작재료 5-1-37,3,60310501,37,74
34053811,다크네스트 제작재료 5-1-38,3,60310501,38,76
34053911,다크네스트 제작재료 5-1-39,3,60310501,39,78
34054011,다크네스트 제작재료 5-1-40,3,60310501,40,80
34050112,다크네스트 제작재료 5-2-01,3,60310502,1,2
34050212,다크네스트 제작재료 5-2-02,3,60310502,2,4
34050312,다크네스트 제작재료 5-2-03,3,60310502,3,6
34050412,다크네스트 제작재료 5-2-04,3,60310502,4,8
34050512,다크네스트 제작재료 5-2-05,3,60310502,5,10
34050612,다크네스트 제작재료 5-2-06,3,60310502,6,12
34050712,다크네스트 제작재료 5-2-07,3,60310502,7,14
34050812,다크네스트 제작재료 5-2-08,3,60310502,8,16
34050912,다크네스트 제작재료 5-2-09,3,60310502,9,18
34051012,다크네스트 제작재료 5-2-10,3,60310502,10,20
34051112,다크네스트 제작재료 5-2-11,3,60310502,11,22
34051212,다크네스트 제작재료 5-2-12,3,60310502,12,24
34051312,다크네스트 제작재료 5-2-13,3,60310502,13,26
34051412,다크네스트 제작재료 5-2-14,3,60310502,14,28
34051512,다크네스트 제작재료 5-2-15,3,60310502,15,30
34051612,다크네스트 제작재료 5-2-16,3,60310502,16,32
34051712,다크네스트 제작재료 5-2-17,3,60310502,17,34
34051812,다크네스트 제작재료 5-2-18,3,60310502,18,36
34051912,다크네스트 제작재료 5-2-19,3,60310502,19,38
34052012,다크네스트 제작재료 5-2-20,3,60310502,20,40
34052112,다크네스트 제작재료 5-2-21,3,60310502,21,42
34052212,다크네스트 제작재료 5-2-22,3,60310502,22,44
34052312,다크네스트 제작재료 5-2-23,3,60310502,23,46
34052412,다크네스트 제작재료 5-2-24,3,60310502,24,48
34052512,다크네스트 제작재료 5-2-25,3,60310502,25,50
34052612,다크네스트 제작재료 5-2-26,3,60310502,26,52
34052712,다크네스트 제작재료 5-2-27,3,60310502,27,54
34052812,다크네스트 제작재료 5-2-28,3,60310502,28,56
34052912,다크네스트 제작재료 5-2-29,3,60310502,29,58
34053012,다크네스트 제작재료 5-2-30,3,60310502,30,60
34053112,다크네스트 제작재료 5-2-31,3,60310502,31,62
34053212,다크네스트 제작재료 5-2-32,3,60310502,32,64
34053312,다크네스트 제작재료 5-2-33,3,60310502,33,66
34053412,다크네스트 제작재료 5-2-34,3,60310502,34,68
34053512,다크네스트 제작재료 5-2-35,3,60310502,35,70
34053612,다크네스트 제작재료 5-2-36,3,60310502,36,72
34053712,다크네스트 제작재료 5-2-37,3,60310502,37,74
34053812,다크네스트 제작재료 5-2-38,3,60310502,38,76
34053912,다크네스트 제작재료 5-2-39,3,60310502,39,78
34054012,다크네스트 제작재료 5-2-40,3,60310502,40,80
34050113,다크네스트 제작재료 5-3-01,3,60310503,1,2
34050213,다크네스트 제작재료 5-3-02,3,60310503,2,4
34050313,다크네스트 제작재료 5-3-03,3,60310503,3,6
34050413,다크네스트 제작재료 5-3-04,3,60310503,4,8
34050513,다크네스트 제작재료 5-3-05,3,60310503,5,10
34050613,다크네스트 제작재료 5-3-06,3,60310503,6,12
34050713,다크네스트 제작재료 5-3-07,3,60310503,7,14
34050813,다크네스트 제작재료 5-3-08,3,60310503,8,16
34050913,다크네스트 제작재료 5-3-09,3,60310503,9,18
34051013,다크네스트 제작재료 5-3-10,3,60310503,10,20
34051113,다크네스트 제작재료 5-3-11,3,60310503,11,22
34051213,다크네스트 제작재료 5-3-12,3,60310503,12,24
34051313,다크네스트 제작재료 5-3-13,3,60310503,13,26
34051413,다크네스트 제작재료 5-3-14,3,60310503,14,28
34051513,다크네스트 제작재료 5-3-15,3,60310503,15,30
34051613,다크네스트 제작재료 5-3-16,3,60310503,16,32
34051713,다크네스트 제작재료 5-3-17,3,60310503,17,34
34051813,다크네스트 제작재료 5-3-18,3,60310503,18,36
34051913,다크네스트 제작재료 5-3-19,3,60310503,19,38
34052013,다크네스트 제작재료 5-3-20,3,60310503,20,40
34052113,다크네스트 제작재료 5-3-21,3,60310503,21,42
34052213,다크네스트 제작재료 5-3-22,3,60310503,22,44
34052313,다크네스트 제작재료 5-3-23,3,60310503,23,46
34052413,다크네스트 제작재료 5-3-24,3,60310503,24,48
34052513,다크네스트 제작재료 5-3-25,3,60310503,25,50
34052613,다크네스트 제작재료 5-3-26,3,60310503,26,52
34052713,다크네스트 제작재료 5-3-27,3,60310503,27,54
34052813,다크네스트 제작재료 5-3-28,3,60310503,28,56
34052913,다크네스트 제작재료 5-3-29,3,60310503,29,58
34053013,다크네스트 제작재료 5-3-30,3,60310503,30,60
34053113,다크네스트 제작재료 5-3-31,3,60310503,31,62
34053213,다크네스트 제작재료 5-3-32,3,60310503,32,64
34053313,다크네스트 제작재료 5-3-33,3,60310503,33,66
34053413,다크네스트 제작재료 5-3-34,3,60310503,34,68
34053513,다크네스트 제작재료 5-3-35,3,60310503,35,70
34053613,다크네스트 제작재료 5-3-36,3,60310503,36,72
34053713,다크네스트 제작재료 5-3-37,3,60310503,37,74
34053813,다크네스트 제작재료 5-3-38,3,60310503,38,76
34053913,다크네스트 제작재료 5-3-39,3,60310503,39,78
34054013,다크네스트 제작재료 5-3-40,3,60310503,40,80
39100010,보석 10,3,60000001,10,10
39100020,보석 20,3,60000001,20,20
39100030,보석 30,3,60000001,30,30
39100040,보석 40,3,60000001,40,40
39100050,보석 50,3,60000001,50,50
39100060,보석 60,3,60000001,60,60
39100070,보석 70,3,60000001,70,70
39100080,보석 80,3,60000001,80,80
39100090,보석 90,3,60000001,90,90
39100100,보석 100,3,60000001,100,100
39100110,보석 110,3,60000001,110,110
39100120,보석 120,3,60000001,120,120
39100130,보석 130,3,60000001,130,130
39100140,보석 140,3,60000001,140,140
39100150,보석 150,3,60000001,150,150
39100160,보석 160,3,60000001,160,160
39100170,보석 170,3,60000001,170,170
39100180,보석 180,3,60000001,180,180
39100190,보석 190,3,60000001,190,190
39100200,보석 200,3,60000001,200,200
39100210,보석 210,3,60000001,210,210
39100220,보석 220,3,60000001,220,220
39100230,보석 230,3,60000001,230,230
39100240,보석 240,3,60000001,240,240
39100250,보석 250,3,60000001,250,250
39200050,골드 50,3,60000002,50,50
39200100,골드 100,3,60000002,100,100
39200200,골드 200,3,60000002,200,200
39200300,골드 300,3,60000002,300,300
39200400,골드 400,3,60000002,400,400
39200500,골드 500,3,60000002,500,500
39200600,골드 600,3,60000002,600,600
39200700,골드 700,3,60000002,700,700
39200800,골드 800,3,60000002,800,800
39200900,골드 900,3,60000002,900,900
39201000,골드 1000,3,60000002,1000,1000
39201100,골드 1100,3,60000002,1100,1100
39201200,골드 1200,3,60000002,1200,1200
39201300,골드 1300,3,60000002,1300,1300
39201400,골드 1400,3,60000002,1400,1400
39201500,골드 1500,3,60000002,1500,1500
39201600,골드 1600,3,60000002,1600,1600
39201700,골드 1700,3,60000002,1700,1700
39201800,골드 1800,3,60000002,1800,1800
39201900,골드 1900,3,60000002,1900,1900
39202000,골드 2000,3,60000002,2000,2000
39202100,골드 2100,3,60000002,2100,2100
39202200,골드 2200,3,60000002,2200,2200
39202300,골드 2300,3,60000002,2300,2300
39202400,골드 2400,3,60000002,2400,2400
39202500,골드 2500,3,60000002,2500,2500
39300010,경험치석 10,3,60000201,10,10
39300020,경험치석 20,3,60000201,20,20
39300030,경험치석 30,3,60000201,30,30
39300040,경험치석 40,3,60000201,40,40
39300050,경험치석 50,3,60000201,50,50
39300060,경험치석 60,3,60000201,60,60
39300070,경험치석 70,3,60000201,70,70
39300080,경험치석 80,3,60000201,80,80
39300090,경험치석 90,3,60000201,90,90
39300100,경험치석 100,3,60000201,100,100
39300110,경험치석 110,3,60000201,110,110
39300120,경험치석 120,3,60000201,120,120
39300130,경험치석 130,3,60000201,130,130
39300140,경험치석 140,3,60000201,140,140
39300150,경험치석 150,3,60000201,150,150
39300160,경험치석 160,3,60000201,160,160
39300170,경험치석 170,3,60000201,170,170
39300180,경험치석 180,3,60000201,180,180
39300190,경험치석 190,3,60000201,190,190
39300200,경험치석 200,3,60000201,200,200
39300210,경험치석 210,3,60000201,210,210
39300220,경험치석 220,3,60000201,220,220
39300230,경험치석 230,3,60000201,230,230
39300240,경험치석 240,3,60000201,240,240
39300250,경험치석 250,3,60000201,250,250
39400010,유저 경험치석,3,60000015,10,10
39400100,유저 경험치석,3,60000015,100,100
39401000,유저 경험치석,3,60000015,1000,1000
39150010,은화 10,3,60000007,10,10
39150020,은화 20,3,60000007,20,20
39150030,은화 30,3,60000007,30,30
39150040,은화 40,3,60000007,40,40
39150050,은화 50,3,60000007,50,50
39150060,은화 60,3,60000007,60,60
39150070,은화 70,3,60000007,70,70
39150080,은화 80,3,60000007,80,80
39150090,은화 90,3,60000007,90,90
39150100,은화 100,3,60000007,100,100
39150110,은화 110,3,60000007,110,110
39150120,은화 120,3,60000007,120,120
39150130,은화 130,3,60000007,130,130
39150140,은화 140,3,60000007,140,140
39150150,은화 150,3,60000007,150,150
39150160,은화 160,3,60000007,160,160
39150170,은화 170,3,60000007,170,170
39150180,은화 180,3,60000007,180,180
39150190,은화 190,3,60000007,190,190
39150200,은화 200,3,60000007,200,200
39150210,은화 210,3,60000007,210,210
39150220,은화 220,3,60000007,220,220
39150230,은화 230,3,60000007,230,230
39150240,은화 240,3,60000007,240,240
39150250,은화 250,3,60000007,250,250
30010801,1성 제작 재료,3,60310101,1,1
30010801,1성 제작 재료,3,60310102,1,1
30010801,1성 제작 재료,3,60310103,1,1
30010801,1성 제작 재료,3,60310201,1,1
30010801,1성 제작 재료,3,60310202,1,1
30010801,1성 제작 재료,3,60310203,1,1
30010801,1성 제작 재료,3,60310301,1,1
30010801,1성 제작 재료,3,60310302,1,1
30010801,1성 제작 재료,3,60310303,1,1
30010801,1성 제작 재료,3,60310401,1,1
30010801,1성 제작 재료,3,60310402,1,1
30010801,1성 제작 재료,3,60310403,1,1
30010801,1성 제작 재료,3,60310501,1,1
30010801,1성 제작 재료,3,60310502,1,1
30010801,1성 제작 재료,3,60310503,1,1
30010802,2성 제작 재료,3,60320101,1,1
30010802,2성 제작 재료,3,60320102,1,1
30010802,2성 제작 재료,3,60320103,1,1
30010802,2성 제작 재료,3,60320201,1,1
30010802,2성 제작 재료,3,60320202,1,1
30010802,2성 제작 재료,3,60320203,1,1
30010802,2성 제작 재료,3,60320301,1,1
30010802,2성 제작 재료,3,60320302,1,1
30010802,2성 제작 재료,3,60320303,1,1
30010802,2성 제작 재료,3,60320401,1,1
30010802,2성 제작 재료,3,60320402,1,1
30010802,2성 제작 재료,3,60320403,1,1
30010802,2성 제작 재료,3,60320501,1,1
30010802,2성 제작 재료,3,60320502,1,1
30010802,2성 제작 재료,3,60320503,1,1
30010803,3성 제작 재료,3,60330101,1,1
30010803,3성 제작 재료,3,60330102,1,1
30010803,3성 제작 재료,3,60330103,1,1
30010803,3성 제작 재료,3,60330201,1,1
30010803,3성 제작 재료,3,60330202,1,1
30010803,3성 제작 재료,3,60330203,1,1
30010803,3성 제작 재료,3,60330301,1,1
30010803,3성 제작 재료,3,60330302,1,1
30010803,3성 제작 재료,3,60330303,1,1
30010803,3성 제작 재료,3,60330401,1,1
30010803,3성 제작 재료,3,60330402,1,1
30010803,3성 제작 재료,3,60330403,1,1
30010803,3성 제작 재료,3,60330501,1,1
30010803,3성 제작 재료,3,60330502,1,1
30010803,3성 제작 재료,3,60330503,1,1
30010804,4성 제작 재료,3,60340101,1,1
30010804,4성 제작 재료,3,60340102,1,1
30010804,4성 제작 재료,3,60340103,1,1
30010804,4성 제작 재료,3,60340201,1,1
30010804,4성 제작 재료,3,60340202,1,1
30010804,4성 제작 재료,3,60340203,1,1
30010804,4성 제작 재료,3,60340301,1,1
30010804,4성 제작 재료,3,60340302,1,1
30010804,4성 제작 재료,3,60340303,1,1
30010804,4성 제작 재료,3,60340401,1,1
30010804,4성 제작 재료,3,60340402,1,1
30010804,4성 제작 재료,3,60340403,1,1
30010804,4성 제작 재료,3,60340501,1,1
30010804,4성 제작 재료,3,60340502,1,1
30010804,4성 제작 재료,3,60340503,1,1
30010511,패시브스킬 1성 전사,2,28000000,1,1
30010511,패시브스킬 1성 전사,2,28000001,1,1
30010511,패시브스킬 1성 전사,2,28000002,1,1
30010511,패시브스킬 1성 전사,2,28000003,1,1
30010511,패시브스킬 1성 전사,2,28000004,1,1
30010511,패시브스킬 1성 전사,2,28000005,1,1
30010511,패시브스킬 1성 전사,2,28000006,1,1
30010512,패시브스킬 1성 기사,2,28000000,1,1
30010512,패시브스킬 1성 기사,2,28000001,1,1
30010512,패시브스킬 1성 기사,2,28000002,1,1
30010512,패시브스킬 1성 기사,2,28000003,1,1
30010512,패시브스킬 1성 기사,2,28000004,1,1
30010512,패시브스킬 1성 기사,2,28000005,1,1
30010512,패시브스킬 1성 기사,2,28000006,1,1
30010513,패시브스킬 1성 헌터,2,28000000,1,1
30010513,패시브스킬 1성 헌터,2,28000001,1,1
30010513,패시브스킬 1성 헌터,2,28000002,1,1
30010513,패시브스킬 1성 헌터,2,28000003,1,1
30010513,패시브스킬 1성 헌터,2,28000004,1,1
30010513,패시브스킬 1성 헌터,2,28000005,1,1
30010513,패시브스킬 1성 헌터,2,28000006,1,1
30010514,패시브스킬 1성 마법사,2,28000000,1,1
30010514,패시브스킬 1성 마법사,2,28000001,1,1
30010514,패시브스킬 1성 마법사,2,28000002,1,1
30010514,패시브스킬 1성 마법사,2,28000003,1,1
30010514,패시브스킬 1성 마법사,2,28000004,1,1
30010514,패시브스킬 1성 마법사,2,28000005,1,1
30010514,패시브스킬 1성 마법사,2,28000006,1,1
30010515,패시브스킬 1성 힐러,2,28000000,1,1
30010515,패시브스킬 1성 힐러,2,28000001,1,1
30010515,패시브스킬 1성 힐러,2,28000002,1,1
30010515,패시브스킬 1성 힐러,2,28000003,1,1
30010515,패시브스킬 1성 힐러,2,28000004,1,1
30010515,패시브스킬 1성 힐러,2,28000005,1,1
30010515,패시브스킬 1성 힐러,2,28000006,1,1
30010516,패시브스킬 1성 로그,2,28000000,1,1
30010516,패시브스킬 1성 로그,2,28000001,1,1
30010516,패시브스킬 1성 로그,2,28000002,1,1
30010516,패시브스킬 1성 로그,2,28000003,1,1
30010516,패시브스킬 1성 로그,2,28000004,1,1
30010516,패시브스킬 1성 로그,2,28000005,1,1
30010516,패시브스킬 1성 로그,2,28000006,1,1
30000401,영지 애드몹 보상 보석,3,60000001,5,10
30000402,영지 애드몹 보상 소환석,3,60000008,1,1
30000403,영지 애드몹 보상 경험치 석,3,60000201,50,100
30000404,영지 애드몹 보상 속성석 불,3,60000091,5,10
30000404,영지 애드몹 보상 속성석 물,3,60000092,5,10
30000404,영지 애드몹 보상 속성석 풀,3,60000093,5,10
30000404,영지 애드몹 보상 속성석 빛,3,60000094,5,10
30000404,영지 애드몹 보상 속성석 어둠,3,60000095,5,10
30000405,영지 애드몹 보상 골드,3,60000002,1000,1000