id,help,kind,formation,m1_id,m1_level,m1_sWT,m1_WT,m2_id,m2_level,m2_sWT,m2_WT,m3_id,m3_level,m3_sWT,m3_WT,m4_id,m4_level,m4_sWT,m4_WT,m5_id,m5_level,m5_sWT,m5_WT
50101111,리젼1 일반_1,1,13,11133020,1,1,3,11133020,1,2,3,11113070,1,3,3,0,0,0,0,0,0,0,0
50101112,리젼1 일반_2,1,12,11121020,1,1,3,11113070,1,2,3,11113070,1,3,3,0,0,0,0,0,0,0,0
50101121,리젼1 엘리트_1 보스쥐,2,10,12112010,1,1,3,11133020,1,2,3,11133020,1,3,3,0,0,0,0,0,0,0,0
50101131,리젼1 보스,3,101,13131000,1,1,2,0,0,0,0,0,0,0,0,0,0,0,0,0,0,0,0
50102111,리젼2 일반_1,1,30,11123010,4,3,3,11145020,4,2,3,11143000,4,1,3,0,0,0,0,0,0,0,0
50102112,리젼2 일반_2,1,31,11123010,4,1,3,11123020,4,2,3,11155010,4,3,3,0,0,0,0,0,0,0,0
50102121,리젼2 엘리트_1 골렘,2,10,12123020,4,3,3,11143000,4,1,3,11145020,4,2,3,0,0,0,0,0,0,0,0
50102122,리젼2 엘리트_2 만티코라,2,103,11123020,4,2,3,11123010,4,1,3,12141010,4,3,3,0,0,0,0,0,0,0,0
50102131,리젼2 보스,3,101,13113010,4,1,2,0,0,0,0,0,0,0,0,0,0,0,0,0,0,0,0
50103111,리젼3 일반_1,1,30,11123030,7,1,3,11165020,7,2,3,11145030,7,3,3,0,0,0,0,0,0,0,0
50103112,리젼3 일반_2,1,31,11112040,7,1,3,11122000,7,2,3,11145030,7,3,3,0,0,0,0,0,0,0,0
50103113,리젼3 일반_3,1,30,11115010,7,1,3,11165020,7,2,3,11165020,7,3,3,0,0,0,0,0,0,0,0
50103121,리젼3 엘리트_1 데스스컬,2,10,12125010,7,3,3,11145030,7,1,3,11145030,7,2,3,0,0,0,0,0,0,0,0
50103122,리젼3 엘리트_2 박쥐몬,2,10,12165020,7,2,3,11165020,7,1,3,11165020,7,3,3,0,0,0,0,0,0,0,0
50103131,리젼3 보스,3,101,13141030,7,1,2,0,0,0,0,0,0,0,0,0,0,0,0,0,0,0,0
50104111,리젼4 일반_1,1,31,11121000,11,1,3,11113030,11,2,3,11135010,11,3,3,0,0,0,0,0,0,0,0
50104112,리젼4 일반_2,1,31,11112050,11,1,3,11112050,11,2,3,11163010,11,3,3,0,0,0,0,0,0,0,0
50104113,리젼4 일반_3,1,31,11121000,11,1,3,11121000,11,2,3,11145050,11,3,3,0,0,0,0,0,0,0,0
50104121,리젼4 엘리트_1 해머오크,2,10,13113000,11,3,3,11135010,11,1,3,11135010,11,2,3,0,0,0,0,0,0,0,0
50104122,리젼4 엘리트_2 오우거 1,2,10,12113000,11,3,3,11163010,11,1,3,11145050,11,2,3,0,0,0,0,0,0,0,0
50104131,리젼4 보스,3,101,12123010,11,1,2,0,0,0,0,0,0,0,0,0,0,0,0,0,0,0,0
50105111,리젼5 일반_1,1,30,11123000,15,1,3,11132030,15,2,3,11132030,15,3,3,0,0,0,0,0,0,0,0
50105112,리젼5 일반_2,1,30,11113040,15,1,3,11112060,15,2,3,11112060,15,3,3,0,0,0,0,0,0,0,0
50105113,리젼5 일반_3,1,31,11123070,15,1,3,11123070,15,2,3,11132030,15,3,3,0,0,0,0,0,0,0,0
50105121,리젼5 엘리트_1 파충류몹,2,10,12141000,15,3,3,11112060,15,1,3,11112060,15,2,3,0,0,0,0,0,0,0,0
50105122,리젼5 엘리트_2 악어 ,2,12,12112020,15,3,3,11132030,15,1,3,11132030,15,2,3,0,0,0,0,0,0,0,0
50105131,리젼5 보스,3,101,13112000,15,1,2,0,0,0,0,0,0,0,0,0,0,0,0,0,0,0,0
50106111,리젼6 일반_1,1,31,11112080,20,1,3,11111030,20,2,3,11145040,20,3,3,0,0,0,0,0,0,0,0
50106112,리젼6 일반_2,1,31,11113010,20,1,3,11112080,20,2,3,11145040,20,3,3,0,0,0,0,0,0,0,0
50106113,리젼6 일반_3,1,41,11111030,20,1,4,11113010,20,2,4,11145040,20,3,4,11145040,20,4,4,0,0,0,0
50106121,리젼6 엘리트_1 녹색 트롤,2,103,11145040,20,1,3,11145040,20,2,3,12133000,20,3,3,0,0,0,0,0,0,0,0
50106122,리젼6 엘리트_2 사이클롭스,2,10,12135000,20,3,3,11145040,20,2,3,11145040,20,1,3,0,0,0,0,0,0,0,0
50106131,리젼6 보스,3,101,13111000,20,1,2,0,0,0,0,0,0,0,0,0,0,0,0,0,0,0,0
50107111,리젼7 일반_1,1,41,11113020,25,1,4,11113020,25,2,4,11141060,25,3,4,11141060,25,4,4,0,0,0,0
50107112,리젼7 일반_2,1,41,11121010,25,1,4,11121010,25,2,4,11132000,25,3,4,11132000,25,4,4,0,0,0,0
50107113,리젼7 일반_3,1,43,11113020,25,1,4,11121010,25,2,4,11132000,25,3,4,11141060,25,4,4,0,0,0,0
50107121,리젼7 엘리트_1 돌골렘,2,10,12112000,25,1,3,11132000,25,2,3,11132000,25,3,3,0,0,0,0,0,0,0,0
50107122,리젼7 엘리트_2 그리핀,2,103,11113020,25,1,3,11113020,25,2,3,12134000,25,3,3,0,0,0,0,0,0,0,0
50107131,리젼7 보스,3,101,12165000,25,1,2,0,0,0,0,0,0,0,0,0,0,0,0,0,0,0,0
50108111,리젼8 일반_1,1,31,11115000,31,1,3,11115000,31,2,3,11162030,31,3,3,0,0,0,0,0,0,0,0
50108112,리젼8 일반_2,1,40,11115000,31,1,4,11115000,31,2,4,11135040,31,3,4,11143020,31,4,4,0,0,0,0
50108113,리젼8 일반_3,1,41,11115000,31,1,4,11115000,31,2,4,11141010,31,3,4,11141010,31,4,4,0,0,0,0
50108121,리젼8 엘리트_1 메두사,2,10,13133010,31,3,3,11143020,31,2,3,11143020,31,1,3,0,0,0,0,0,0,0,0
50108122,리젼8 엘리트_2 빅스파이더,2,10,12115010,31,1,3,11162030,31,2,3,11135040,31,3,3,0,0,0,0,0,0,0,0
50108131,리젼8 보스,3,101,13133000,31,1,2,0,0,0,0,0,0,0,0,0,0,0,0,0,0,0,0
50109111,리젼9 일반_1,1,41,11112010,37,1,4,11112010,37,2,4,11131010,37,3,4,11144000,37,4,4,0,0,0,0
50109112,리젼9 일반_2,1,40,11112010,37,1,4,11112010,37,2,4,11131010,37,3,4,11143010,37,4,4,0,0,0,0
50109113,리젼9 일반_3,1,41,11112010,37,1,4,11112010,37,2,4,11143010,37,3,4,11144000,37,4,4,0,0,0,0
50109121,리젼9 엘리트_1 만티코라 2,2,103,11131010,37,1,3,11131010,37,2,3,12113010,37,3,3,0,0,0,0,0,0,0,0
50109122,리젼9 엘리트_2 외눈기사,2,10,13135000,37,3,3,11112010,37,2,3,11112010,37,1,3,0,0,0,0,0,0,0,0
50109131,리젼9 보스,3,101,13141000,37,1,2,0,0,0,0,0,0,0,0,0,0,0,0,0,0,0,0
50110111,리전10 일반_1,1,41,11112030,44,1,5,12143010,44,2,4,11111020,44,3,4,11161000,44,4,5,0,0,0,0
50110112,리전10 일반_2,1,40,11112030,44,1,5,11112030,44,2,4,11111020,44,3,5,11161000,44,4,5,0,0,0,0
50110113,리전10 일반_3,1,41,12143010,44,1,5,12143010,44,2,4,11111020,44,3,4,11111020,44,4,5,0,0,0,0
50110121,리전10 엘리트_1 드래곤 웜,2,10,12111000,44,1,3,11161000,44,3,3,11161000,44,2,3,0,0,0,0,0,0,0,0
50110122,리전10 엘리트_2 스콜피온,2,10,12111010,44,3,3,11112030,44,1,3,11112030,44,2,3,0,0,0,0,0,0,0,0
50110131,리전10 보스,3,101,13141020,44,1,2,0,0,0,0,0,0,0,0,0,0,0,0,0,0,0,0
50111111,리전11 일반_1,1,41,11113080,53,1,4,11113080,53,2,4,11152010,53,3,4,11165040,53,4,4,0,0,0,0
50111112,리전11 일반_2,1,41,11121040,53,1,4,11113080,53,2,4,11144040,53,3,4,11152010,53,4,4,0,0,0,0
50111113,리전11 일반_3,1,41,11113080,53,1,4,11121040,53,2,4,11152010,53,3,4,11133070,53,4,4,0,0,0,0
50111114,리전11 일반_4,1,40,11113080,53,1,4,11121040,53,2,4,11133070,53,3,4,11144040,53,4,4,0,0,0,0
50111121,리전11 엘리트_1 워렛,2,10,12111020,53,1,3,11144040,53,2,3,11152010,53,3,3,0,0,0,0,0,0,0,0
50111122,리전11 엘리트_1 스칸디나 트롤,2,10,12142000,53,1,3,11133070,53,2,3,11133070,53,3,3,0,0,0,0,0,0,0,0
50111131,리전11 보스,3,101,13144010,53,1,2,0,0,0,0,0,0,0,0,0,0,0,0,0,0,0,0
50101211,(난이도2) 리젼1 일반_1,1,13,11133020,63,1,3,11133020,63,2,3,11113070,63,3,3,0,0,0,0,0,0,0,0
50101212,(난이도2) 리젼1 일반_2,1,12,11121020,63,1,3,11113070,63,2,3,11113070,63,3,3,0,0,0,0,0,0,0,0
50101221,(난이도2) 리젼1 엘리트_1 보스쥐,2,10,12112010,63,1,3,11133020,63,2,3,11133020,63,3,3,0,0,0,0,0,0,0,0
50101222,(난이도2) 리젼1 엘리트_2 하피,2,11,11133020,63,1,3,11121020,63,2,3,12162000,63,3,3,0,0,0,0,0,0,0,0
50101231,(난이도2) 리젼1 보스,3,101,13131000,63,1,2,0,0,0,0,0,0,0,0,0,0,0,0,0,0,0,0
50102211,(난이도2)리젼2 일반_1,1,30,11123010,70,3,3,11145020,70,2,3,11143000,70,1,3,0,0,0,0,0,0,0,0
50102212,(난이도2)리젼2 일반_2,1,31,11123010,70,1,3,11123020,70,2,3,11155010,70,3,3,0,0,0,0,0,0,0,0
50102221,(난이도2)리젼2 엘리트_1 골렘,2,10,12123020,70,3,3,11143000,70,1,3,11145020,70,2,3,0,0,0,0,0,0,0,0
50102222,(난이도2)리젼2 엘리트_2 만티코라,2,103,11123020,70,2,3,11123010,70,1,3,12141010,70,3,3,0,0,0,0,0,0,0,0
50102231,(난이도2)리젼2 보스,3,101,13113010,70,1,2,0,0,0,0,0,0,0,0,0,0,0,0,0,0,0,0
50103211,(난이도2)리젼3 일반_1,1,30,11123030,76,1,3,11165020,76,2,3,11145030,76,3,3,0,0,0,0,0,0,0,0
50103212,(난이도2)리젼3 일반_2,1,31,11112040,76,1,3,11122000,76,2,3,11145030,76,3,3,0,0,0,0,0,0,0,0
50103213,(난이도2)리젼3 일반_3,1,30,11115010,76,1,3,11165020,76,2,3,11165020,76,3,3,0,0,0,0,0,0,0,0
50103221,(난이도2)리젼3 엘리트_1 데스스컬,2,10,12125010,76,3,3,11145030,76,1,3,11145030,76,2,3,0,0,0,0,0,0,0,0
50103222,(난이도2)리젼3 엘리트_2 박쥐몬,2,10,12165020,76,2,3,11165020,76,1,3,11165020,76,3,3,0,0,0,0,0,0,0,0
50103231,(난이도2)리젼3 보스,3,101,13141030,76,1,2,0,0,0,0,0,0,0,0,0,0,0,0,0,0,0,0
50104211,(난이도2)리젼4 일반_1,1,31,11121000,83,1,3,11113030,83,2,3,11135010,83,3,3,0,0,0,0,0,0,0,0
50104212,(난이도2)리젼4 일반_2,1,31,11112050,83,1,3,11112050,83,2,3,11163010,83,3,3,0,0,0,0,0,0,0,0
50104213,(난이도2)리젼4 일반_3,1,31,11121000,83,1,3,11121000,83,2,3,11145050,83,3,3,0,0,0,0,0,0,0,0
50104221,(난이도2)리젼4 엘리트_1 해머오크,2,10,13113000,83,3,3,11135010,83,1,3,11135010,83,2,3,0,0,0,0,0,0,0,0
50104222,(난이도2)리젼4 엘리트_2 오우거 1,2,10,12113000,83,3,3,11163010,83,1,3,11145050,83,2,3,0,0,0,0,0,0,0,0
50104231,(난이도2)리젼4 보스,3,101,12123010,83,1,2,0,0,0,0,0,0,0,0,0,0,0,0,0,0,0,0
50105211,(난이도2)리젼5 일반_1,1,30,11123000,89,1,3,11132030,89,2,3,11132030,89,3,3,0,0,0,0,0,0,0,0
50105212,(난이도2)리젼5 일반_2,1,30,11113040,89,1,3,11112060,89,2,3,11112060,89,3,3,0,0,0,0,0,0,0,0
50105213,(난이도2)리젼5 일반_3,1,31,11123070,89,1,3,11123070,89,2,3,11132030,89,3,3,0,0,0,0,0,0,0,0
50105221,(난이도2)리젼5 엘리트_1 파충류몹,2,10,12141000,89,3,3,11112060,89,1,3,11112060,89,2,3,0,0,0,0,0,0,0,0
50105222,(난이도2)리젼5 엘리트_2 악어 ,2,12,12112020,89,3,3,11132030,89,1,3,11132030,89,2,3,0,0,0,0,0,0,0,0
50105231,(난이도2)리젼5 보스,3,101,13112000,89,1,2,0,0,0,0,0,0,0,0,0,0,0,0,0,0,0,0
50106211,(난이도2)리젼6 일반_1,1,31,11112080,95,1,3,11111030,95,2,3,11145040,95,3,3,0,0,0,0,0,0,0,0
50106212,(난이도2)리젼6 일반_2,1,31,11113010,95,1,3,11112080,95,2,3,11145040,95,3,3,0,0,0,0,0,0,0,0
50106213,(난이도2)리젼6 일반_3,1,41,11111030,95,1,4,11113010,95,2,4,11145040,95,3,4,11145040,95,4,4,0,0,0,0
50106221,(난이도2)리젼6 엘리트_1 녹색 트롤,2,103,11145040,95,1,3,11145040,95,2,3,12133000,95,3,3,0,0,0,0,0,0,0,0
50106222,(난이도2)리젼6 엘리트_2 사이클롭스,2,10,12135000,95,3,3,11145040,95,2,3,11145040,95,1,3,0,0,0,0,0,0,0,0
50106231,(난이도2)리젼6 보스,3,101,13111000,95,1,2,0,0,0,0,0,0,0,0,0,0,0,0,0,0,0,0
50107211,(난이도2)리젼7 일반_1,1,41,11113020,102,1,4,11113020,102,2,4,11141060,102,3,4,11141060,102,4,4,0,0,0,0
50107212,(난이도2)리젼7 일반_2,1,41,11121010,102,1,4,11121010,102,2,4,11132000,102,3,4,11132000,102,4,4,0,0,0,0
50107213,(난이도2)리젼7 일반_3,1,43,11113020,102,1,4,11121010,102,2,4,11132000,102,3,4,11141060,102,4,4,0,0,0,0
50107221,(난이도2)리젼7 엘리트_1 돌골렘,2,10,12112000,102,1,3,11132000,102,2,3,11132000,102,3,3,0,0,0,0,0,0,0,0
50107222,(난이도2)리젼7 엘리트_2 그리핀,2,103,11113020,102,1,3,11113020,102,2,3,12134000,102,3,3,0,0,0,0,0,0,0,0
50107231,(난이도2)리젼7 보스,3,101,12165000,102,1,2,0,0,0,0,0,0,0,0,0,0,0,0,0,0,0,0
50108211,(난이도2)리젼8 일반_1,1,31,11115000,108,1,3,11115000,108,2,3,11162030,108,3,3,0,0,0,0,0,0,0,0
50108212,(난이도2)리젼8 일반_2,1,40,11115000,108,1,4,11115000,108,2,4,11135040,108,3,4,11143020,108,4,4,0,0,0,0
50108213,(난이도2)리젼8 일반_3,1,41,11115000,108,1,4,11115000,108,2,4,11141010,108,3,4,11141010,108,4,4,0,0,0,0
50108221,(난이도2)리젼8 엘리트_1 메두사,2,10,13133010,108,3,3,11143020,108,2,3,11143020,108,1,3,0,0,0,0,0,0,0,0
50108222,(난이도2)리젼8 엘리트_2 빅스파이더,2,10,12115010,108,1,3,11162030,108,2,3,11135040,108,3,3,0,0,0,0,0,0,0,0
50108231,(난이도2)리젼8 보스,3,101,13133000,108,1,2,0,0,0,0,0,0,0,0,0,0,0,0,0,0,0,0
50109211,(난이도2)리젼9 일반_1,1,41,11112010,115,1,4,11112010,115,2,4,11131010,115,3,4,11144000,115,4,4,0,0,0,0
50109212,(난이도2)리젼9 일반_2,1,40,11112010,115,1,4,11112010,115,2,4,11131010,115,3,4,11143010,115,4,4,0,0,0,0
50109213,(난이도2)리젼9 일반_3,1,41,11112010,115,1,4,11112010,115,2,4,11143010,115,3,4,11144000,115,4,4,0,0,0,0
50109221,(난이도2)리젼9 엘리트_1 만티코라 2,2,103,11131010,115,1,3,11131010,115,2,3,12113010,115,3,3,0,0,0,0,0,0,0,0
50109222,(난이도2)리젼9 엘리트_2 외눈기사,2,10,13135000,115,3,3,11112010,115,2,3,11112010,115,1,3,0,0,0,0,0,0,0,0
50109231,(난이도2)리젼9 보스,3,101,13141000,115,1,2,0,0,0,0,0,0,0,0,0,0,0,0,0,0,0,0
50110211,(난이도2)리전10 일반_1,1,41,11112030,121,1,5,12143010,121,2,4,11111020,121,3,4,11161000,121,4,5,0,0,0,0
50110212,(난이도2)리전10 일반_2,1,40,11112030,121,1,5,11112030,121,2,4,11111020,121,3,5,11161000,121,4,5,0,0,0,0
50110213,(난이도2)리전10 일반_3,1,41,12143010,121,1,5,12143010,121,2,4,11111020,121,3,4,11111020,121,4,5,0,0,0,0
50110221,(난이도2)리전10 엘리트_1 드래곤 웜,2,10,12111000,121,1,3,11161000,121,3,3,11161000,121,2,3,0,0,0,0,0,0,0,0
50110222,(난이도2)리전10 엘리트_2 스콜피온,2,10,12111010,121,3,3,11112030,121,1,3,11112030,121,2,3,0,0,0,0,0,0,0,0
50110231,(난이도2)리전10 보스,3,101,13141020,121,1,2,0,0,0,0,0,0,0,0,0,0,0,0,0,0,0,0
50111211,(난이도2)리전11 일반_1,1,41,11113080,124,1,4,11113080,124,2,4,11152010,124,3,4,11165040,124,4,4,0,0,0,0
50111212,(난이도2)리전11 일반_2,1,41,11121040,124,1,4,11113080,124,2,4,11144040,124,3,4,11152010,124,4,4,0,0,0,0
50111213,(난이도2)리전11 일반_3,1,41,11113080,124,1,4,11121040,124,2,4,11152010,124,3,4,11133070,124,4,4,0,0,0,0
50111214,(난이도2)리전11 일반_4,1,40,11113080,124,1,4,11121040,124,2,4,11133070,124,3,4,11144040,124,4,4,0,0,0,0
50111221,(난이도2)리전11 엘리트_1 워렛,2,10,12111020,124,1,3,11144040,124,2,3,11152010,124,3,3,0,0,0,0,0,0,0,0
50111222,(난이도2)리전11 엘리트_1 스칸디나 트롤,2,10,12142000,124,1,3,11133070,124,2,3,11133070,124,3,3,0,0,0,0,0,0,0,0
50111231,(난이도2)리전11 보스,3,101,13144010,124,1,2,0,0,0,0,0,0,0,0,0,0,0,0,0,0,0,0
50101311,(난이도3) 리젼1 일반_1,1,13,11133020,127,1,3,11133020,127,2,3,11113070,127,3,3,0,0,0,0,0,0,0,0
50101312,(난이도3) 리젼1 일반_2,1,12,11121020,127,1,3,11113070,127,2,3,11113070,127,3,3,0,0,0,0,0,0,0,0
50101321,(난이도3) 리젼1 엘리트_1,2,10,12112010,127,1,3,11133020,127,2,3,11133020,127,3,3,0,0,0,0,0,0,0,0
50101322,(난이도3) 리젼1 엘리트_2,2,11,11133020,127,1,3,11121020,127,2,3,12162000,127,3,3,0,0,0,0,0,0,0,0
50101331,(난이도3) 리젼1 보스,3,101,13131000,127,1,2,0,0,0,0,0,0,0,0,0,0,0,0,0,0,0,0
50102311,(난이도3) 리젼2 일반_1,1,30,11123010,134,3,3,11145020,134,2,3,11143000,134,1,3,0,0,0,0,0,0,0,0
50102312,(난이도3) 리젼2 일반_2,1,31,11123010,134,1,3,11123020,134,2,3,11155010,134,3,3,0,0,0,0,0,0,0,0
50102321,(난이도3) 리젼2 엘리트_1,2,10,12123020,134,3,3,11143000,134,1,3,11145020,134,2,3,0,0,0,0,0,0,0,0
50102322,(난이도3) 리젼2 엘리트_2,2,103,11123020,134,2,3,11123010,134,1,3,12141010,134,3,3,0,0,0,0,0,0,0,0
50102331,(난이도3) 리젼2 보스,3,101,13113010,134,1,2,0,0,0,0,0,0,0,0,0,0,0,0,0,0,0,0
50103311,(난이도3) 리젼3 일반_1,1,30,11123030,140,1,3,11165020,140,2,3,11145030,140,3,3,0,0,0,0,0,0,0,0
50103312,(난이도3) 리젼3 일반_2,1,31,11112040,140,1,3,11122000,140,2,3,11145030,140,3,3,0,0,0,0,0,0,0,0
50103313,(난이도3) 리젼3 일반_3,1,30,11115010,140,1,3,11165020,140,2,3,11165020,140,3,3,0,0,0,0,0,0,0,0
50103321,(난이도3) 리젼3 엘리트_1,2,10,12125010,140,3,3,11145030,140,1,3,11145030,140,2,3,0,0,0,0,0,0,0,0
50103322,(난이도3) 리젼3 엘리트_2,2,10,12165020,140,2,3,11165020,140,1,3,11165020,140,3,3,0,0,0,0,0,0,0,0
50103331,(난이도3) 리젼3 보스,3,101,13141030,140,1,2,0,0,0,0,0,0,0,0,0,0,0,0,0,0,0,0
50104311,(난이도3) 리젼4 일반_1,1,31,11121000,147,1,3,11113030,147,2,3,11135010,147,3,3,0,0,0,0,0,0,0,0
50104312,(난이도3) 리젼4 일반_2,1,31,11112050,147,1,3,11112050,147,2,3,11163010,147,3,3,0,0,0,0,0,0,0,0
50104313,(난이도3) 리젼4 일반_3,1,31,11121000,147,1,3,11121000,147,2,3,11145050,147,3,3,0,0,0,0,0,0,0,0
50104321,(난이도3) 리젼4 엘리트_1,2,10,13113000,147,3,3,11135010,147,1,3,11135010,147,2,3,0,0,0,0,0,0,0,0
50104322,(난이도3) 리젼4 엘리트_2,2,10,12113000,147,3,3,11163010,147,1,3,11145050,147,2,3,0,0,0,0,0,0,0,0
50104331,(난이도3) 리젼4 보스,3,101,12123010,147,1,2,0,0,0,0,0,0,0,0,0,0,0,0,0,0,0,0
50105311,(난이도3) 리젼5 일반_1,1,30,11123000,153,1,3,11132030,153,2,3,11132030,153,3,3,0,0,0,0,0,0,0,0
50105312,(난이도3) 리젼5 일반_2,1,30,11113040,153,1,3,11112060,153,2,3,11112060,153,3,3,0,0,0,0,0,0,0,0
50105313,(난이도3) 리젼5 일반_3,1,31,11123070,153,1,3,11123070,153,2,3,11132030,153,3,3,0,0,0,0,0,0,0,0
50105321,(난이도3) 리젼5 엘리트_1,2,10,12141000,153,3,3,11112060,153,1,3,11112060,153,2,3,0,0,0,0,0,0,0,0
50105322,(난이도3) 리젼5 엘리트_2,2,12,12112020,153,3,3,11132030,153,1,3,11132030,153,2,3,0,0,0,0,0,0,0,0
50105331,(난이도3) 리젼5 보스,3,101,13112000,153,1,2,0,0,0,0,0,0,0,0,0,0,0,0,0,0,0,0
50106311,(난이도3) 리젼6 일반_1,1,31,11112080,159,1,3,11111030,159,2,3,11145040,159,3,3,0,0,0,0,0,0,0,0
50106312,(난이도3) 리젼6 일반_2,1,31,11113010,159,1,3,11112080,159,2,3,11145040,159,3,3,0,0,0,0,0,0,0,0
50106313,(난이도3) 리젼6 일반_3,1,41,11111030,159,1,4,11113010,159,2,4,11145040,159,3,4,11145040,159,4,4,0,0,0,0
50106321,(난이도3) 리젼6 엘리트_1,2,103,11145040,159,1,3,11145040,159,2,3,12133000,159,3,3,0,0,0,0,0,0,0,0
50106322,(난이도3) 리젼6 엘리트_2,2,10,12135000,159,3,3,11145040,159,2,3,11145040,159,1,3,0,0,0,0,0,0,0,0
50106331,(난이도3) 리젼6 보스,3,101,13111000,159,1,2,0,0,0,0,0,0,0,0,0,0,0,0,0,0,0,0
50107311,(난이도3) 리젼7 일반_1,1,41,11113020,166,1,4,11113020,166,2,4,11141060,166,3,4,11141060,166,4,4,0,0,0,0
50107312,(난이도3) 리젼7 일반_2,1,41,11121010,166,1,4,11121010,166,2,4,11132000,166,3,4,11132000,166,4,4,0,0,0,0
50107313,(난이도3) 리젼7 일반_3,1,43,11113020,166,1,4,11121010,166,2,4,11132000,166,3,4,11141060,166,4,4,0,0,0,0
50107321,(난이도3) 리젼7 엘리트_1,2,10,12112000,166,1,3,11132000,166,2,3,11132000,166,3,3,0,0,0,0,0,0,0,0
50107322,(난이도3) 리젼7 엘리트_2,2,103,11113020,166,1,3,11113020,166,2,3,12134000,166,3,3,0,0,0,0,0,0,0,0
50107331,(난이도3) 리젼7 보스,3,101,12165000,166,1,2,0,0,0,0,0,0,0,0,0,0,0,0,0,0,0,0
50108311,(난이도3) 리젼8 일반_1,1,31,11115000,172,1,3,11115000,172,2,3,11162030,172,3,3,0,0,0,0,0,0,0,0
50108312,(난이도3) 리젼8 일반_2,1,40,11115000,172,1,4,11115000,172,2,4,11135040,172,3,4,11143020,172,4,4,0,0,0,0
50108313,(난이도3) 리젼8 일반_3,1,41,11115000,172,1,4,11115000,172,2,4,11141010,172,3,4,11141010,172,4,4,0,0,0,0
50108321,(난이도3) 리젼8 엘리트_1,2,10,13133010,172,3,3,11143020,172,2,3,11143020,172,1,3,0,0,0,0,0,0,0,0
50108322,(난이도3) 리젼8 엘리트_2,2,10,12115010,172,1,3,11162030,172,2,3,11135040,172,3,3,0,0,0,0,0,0,0,0
50108331,(난이도3) 리젼8 보스,3,101,13133000,172,1,2,0,0,0,0,0,0,0,0,0,0,0,0,0,0,0,0
50109311,(난이도3) 리젼9 일반_1,1,41,11112010,179,1,4,11112010,179,2,4,11131010,179,3,4,11144000,179,4,4,0,0,0,0
50109312,(난이도3) 리젼9 일반_2,1,40,11112010,179,1,4,11112010,179,2,4,11131010,179,3,4,11143010,179,4,4,0,0,0,0
50109313,(난이도3) 리젼9 일반_3,1,41,11112010,179,1,4,11112010,179,2,4,11143010,179,3,4,11144000,179,4,4,0,0,0,0
50109321,(난이도3) 리젼9 엘리트_1,2,103,11131010,179,1,3,11131010,179,2,3,12113010,179,3,3,0,0,0,0,0,0,0,0
50109322,(난이도3) 리젼9 엘리트_2,2,10,13135000,179,3,3,11112010,179,2,3,11112010,179,1,3,0,0,0,0,0,0,0,0
50109331,(난이도3) 리젼9 보스,3,101,13141000,179,1,2,0,0,0,0,0,0,0,0,0,0,0,0,0,0,0,0
50110311,(난이도3) 리젼10 일반_1,1,41,11112030,180,1,5,12143010,180,2,4,11111020,180,3,4,11161000,180,4,5,0,0,0,0
50110312,(난이도3) 리젼10 일반_2,1,40,11112030,180,1,5,11112030,180,2,4,11111020,180,3,5,11161000,180,4,5,0,0,0,0
50110313,(난이도3) 리젼10 일반_3,1,41,12143010,180,1,5,12143010,180,2,4,11111020,180,3,4,11111020,180,4,5,0,0,0,0
50110321,(난이도3) 리젼10 엘리트_1,2,10,12111000,180,1,3,11161000,180,3,3,11161000,180,2,3,0,0,0,0,0,0,0,0
50110322,(난이도3) 리젼10 엘리트_2,2,10,12111010,180,3,3,11112030,180,1,3,11112030,180,2,3,0,0,0,0,0,0,0,0
50110331,(난이도3) 리젼10 보스,3,101,13141020,180,1,2,0,0,0,0,0,0,0,0,0,0,0,0,0,0,0,0
50111311,(난이도3) 리젼11 일반_1,1,41,11113080,186,1,4,11113080,186,2,4,11152010,186,3,4,11165040,186,4,4,0,0,0,0
50111312,(난이도3) 리젼11 일반_2,1,41,11121040,186,1,4,11113080,186,2,4,11144040,186,3,4,11152010,186,4,4,0,0,0,0
50111313,(난이도3) 리젼11 일반_3,1,41,11113080,186,1,4,11121040,186,2,4,11152010,186,3,4,11133070,186,4,4,0,0,0,0
50111314,(난이도3) 리젼11 일반_4,1,40,11113080,186,1,4,11121040,186,2,4,11133070,186,3,4,11144040,186,4,4,0,0,0,0
50111321,(난이도3) 리젼11 엘리트_1 워렛,2,10,12111020,186,1,3,11144040,186,2,3,11152010,186,3,3,0,0,0,0,0,0,0,0
50111322,(난이도3) 리젼11 엘리트_2 스칸디나 트롤,2,10,12142000,186,1,3,11133070,186,2,3,11133070,186,3,3,0,0,0,0,0,0,0,0
50111331,(난이도3) 리젼11 보스,3,101,13144010,186,1,2,0,0,0,0,0,0,0,0,0,0,0,0,0,0,0,0
50001101,토벌 레이드 레드,4,101,14111000,1,1,1,0,0,0,0,0,0,0,0,0,0,0,0,0,0,0,0
50001201,토벌 레이드 블루,4,101,14112000,1,1,1,0,0,0,0,0,0,0,0,0,0,0,0,0,0,0,0
50001301,토벌 레이드 그린,4,101,14113000,1,1,1,0,0,0,0,0,0,0,0,0,0,0,0,0,0,0,0
50001401,토벌 레이드 옐로,4,101,14114000,1,1,1,0,0,0,0,0,0,0,0,0,0,0,0,0,0,0,0
50001501,토벌 레이드 퍼플,4,101,14115000,1,1,1,0,0,0,0,0,0,0,0,0,0,0,0,0,0,0,0
50002101,길드 승부 레드,5,101,16111000,1,1,1,0,0,0,0,0,0,0,0,0,0,0,0,0,0,0,0
50002201,길드 승부 블루,5,101,16112000,1,1,1,0,0,0,0,0,0,0,0,0,0,0,0,0,0,0,0
50002301,길드 승부 그린,5,101,16113000,1,1,1,0,0,0,0,0,0,0,0,0,0,0,0,0,0,0,0
50002401,길드 승부 옐로,5,101,16114000,1,1,1,0,0,0,0,0,0,0,0,0,0,0,0,0,0,0,0
50002501,길드 승부 퍼플,5,101,16115000,1,1,1,0,0,0,0,0,0,0,0,0,0,0,0,0,0,0,0
50003101,다크네스트 레드,5,101,15111000,1,1,1,0,0,0,0,0,0,0,0,0,0,0,0,0,0,0,0
50003201,다크네스트 블루,5,101,15112000,1,1,1,0,0,0,0,0,0,0,0,0,0,0,0,0,0,0,0
50003301,다크네스트 그린,5,101,15113000,1,1,1,0,0,0,0,0,0,0,0,0,0,0,0,0,0,0,0
50003401,다크네스트 옐로,5,101,15114000,1,1,1,0,0,0,0,0,0,0,0,0,0,0,0,0,0,0,0
50003501,다크네스트 퍼플,5,101,15115000,1,1,1,0,0,0,0,0,0,0,0,0,0,0,0,0,0,0,0
50020201,골드/경험치석 파밍타워 팀 1,1,2,11113080,1,3,5,11121040,1,2,5,12143010,1,1,5,11131010,1,4,5,11111020,1,5,5
50020202,골드/경험치석 파밍타워 팀 2,1,2,11113080,4,3,5,11121040,4,2,5,12143010,4,1,5,11131010,4,4,5,11111020,4,5,5
50020203,골드/경험치석 파밍타워 팀 3,1,2,11113080,7,3,5,11121040,7,2,5,12143010,7,1,5,11131010,7,4,5,11111020,7,5,5
50020204,골드/경험치석 파밍타워 팀 4,1,2,11113080,10,3,5,11121040,10,2,5,12143010,10,1,5,11131010,10,4,5,11111020,10,5,5
50020205,골드/경험치석 파밍타워 팀 5,1,2,11113080,13,3,5,11121040,13,2,5,12143010,13,1,5,11131010,13,4,5,11111020,13,5,5
50020206,골드/경험치석 파밍타워 팀 6,1,2,11113080,16,3,5,11121040,16,2,5,12143010,16,1,5,11131010,16,4,5,11111020,16,5,5
50020207,골드/경험치석 파밍타워 팀 7,1,2,11113080,19,3,5,11121040,19,2,5,12143010,19,1,5,11131010,19,4,5,11111020,19,5,5
50020208,골드/경험치석 파밍타워 팀 8,1,2,11113080,22,3,5,11121040,22,2,5,12143010,22,1,5,11131010,22,4,5,11111020,22,5,5
50020209,골드/경험치석 파밍타워 팀 9,1,2,11113080,25,3,5,11121040,25,2,5,12143010,25,1,5,11131010,25,4,5,11111020,25,5,5
50020210,골드/경험치석 파밍타워 팀 10,1,2,11113080,28,3,5,11121040,28,2,5,12143010,28,1,5,11131010,28,4,5,11111020,28,5,5
50020211,골드/경험치석 파밍타워 팀 11,1,2,11113080,31,3,5,11121040,31,2,5,12143010,31,1,5,11131010,31,4,5,11111020,31,5,5
50020212,골드/경험치석 파밍타워 팀 12,1,2,11113080,34,3,5,11121040,34,2,5,12143010,34,1,5,11131010,34,4,5,11111020,34,5,5
50020213,골드/경험치석 파밍타워 팀 13,1,2,11113080,37,3,5,11121040,37,2,5,12143010,37,1,5,11131010,37,4,5,11111020,37,5,5
50020214,골드/경험치석 파밍타워 팀 14,1,2,11113080,40,3,5,11121040,40,2,5,12143010,40,1,5,11131010,40,4,5,11111020,40,5,5
50020215,골드/경험치석 파밍타워 팀 15,1,2,11113080,43,3,5,11121040,43,2,5,12143010,43,1,5,11131010,43,4,5,11111020,43,5,5
50020216,골드/경험치석 파밍타워 팀 16,1,2,11113080,46,3,5,11121040,46,2,5,12143010,46,1,5,11131010,46,4,5,11111020,46,5,5
50020217,골드/경험치석 파밍타워 팀 17,1,2,11113080,49,3,5,11121040,49,2,5,12143010,49,1,5,11131010,49,4,5,11111020,49,5,5
50020218,골드/경험치석 파밍타워 팀 18,1,2,11113080,52,3,5,11121040,52,2,5,12143010,52,1,5,11131010,52,4,5,11111020,52,5,5
50020219,골드/경험치석 파밍타워 팀 19,1,2,11113080,55,3,5,11121040,55,2,5,12143010,55,1,5,11131010,55,4,5,11111020,55,5,5
50020220,골드/경험치석 파밍타워 팀 20,1,2,11113080,58,3,5,11121040,58,2,5,12143010,58,1,5,11131010,58,4,5,11111020,58,5,5
50020221,골드/경험치석 파밍타워 팀 21,1,2,11113080,61,3,5,11121040,61,2,5,12143010,61,1,5,11131010,61,4,5,11111020,61,5,5
50020222,골드/경험치석 파밍타워 팀 22,1,2,11113080,64,3,5,11121040,64,2,5,12143010,64,1,5,11131010,64,4,5,11111020,64,5,5
50020223,골드/경험치석 파밍타워 팀 23,1,2,11113080,67,3,5,11121040,67,2,5,12143010,67,1,5,11131010,67,4,5,11111020,67,5,5
50020224,골드/경험치석 파밍타워 팀 24,1,2,11113080,70,3,5,11121040,70,2,5,12143010,70,1,5,11131010,70,4,5,11111020,70,5,5
50020225,골드/경험치석 파밍타워 팀 25,1,2,11113080,73,3,5,11121040,73,2,5,12143010,73,1,5,11131010,73,4,5,11111020,73,5,5
50020226,골드/경험치석 파밍타워 팀 26,1,2,11113080,76,3,5,11121040,76,2,5,12143010,76,1,5,11131010,76,4,5,11111020,76,5,5
50020227,골드/경험치석 파밍타워 팀 27,1,2,11113080,79,3,5,11121040,79,2,5,12143010,79,1,5,11131010,79,4,5,11111020,79,5,5
50020228,골드/경험치석 파밍타워 팀 28,1,2,11113080,82,3,5,11121040,82,2,5,12143010,82,1,5,11131010,82,4,5,11111020,82,5,5
50020229,골드/경험치석 파밍타워 팀 29,1,2,11113080,85,3,5,11121040,85,2,5,12143010,85,1,5,11131010,85,4,5,11111020,85,5,5
50020230,골드/경험치석 파밍타워 팀 30,1,2,11113080,100,3,5,11121040,100,2,5,12143010,100,1,5,11131010,100,4,5,11111020,100,5,5
50020301,식량 파밍타워 팀 1,1,2,11123030,1,3,5,11122000,1,2,5,11145030,1,1,5,11112040,1,4,5,11165020,1,5,5
50020302,식량 파밍타워 팀 2,1,2,11123030,4,3,5,11122000,4,2,5,11145030,4,1,5,11112040,4,4,5,11165020,4,5,5
50020303,식량 파밍타워 팀 3,1,2,11123030,7,3,5,11122000,7,2,5,11145030,7,1,5,11112040,7,4,5,11165020,7,5,5
50020304,식량 파밍타워 팀 4,1,2,11123030,10,3,5,11122000,10,2,5,11145030,10,1,5,11112040,10,4,5,11165020,10,5,5
50020305,식량 파밍타워 팀 5,1,2,11123030,13,3,5,11122000,13,2,5,11145030,13,1,5,11112040,13,4,5,11165020,13,5,5
50020306,식량 파밍타워 팀 6,1,2,11123030,16,3,5,11122000,16,2,5,11145030,16,1,5,11112040,16,4,5,11165020,16,5,5
50020307,식량 파밍타워 팀 7,1,2,11123030,19,3,5,11122000,19,2,5,11145030,19,1,5,11112040,19,4,5,11165020,19,5,5
50020308,식량 파밍타워 팀 8,1,2,11123030,22,3,5,11122000,22,2,5,11145030,22,1,5,11112040,22,4,5,11165020,22,5,5
50020309,식량 파밍타워 팀 9,1,2,11123030,25,3,5,11122000,25,2,5,11145030,25,1,5,11112040,25,4,5,11165020,25,5,5
50020310,식량 파밍타워 팀 10,1,2,11123030,28,3,5,11122000,28,2,5,11145030,28,1,5,11112040,28,4,5,11165020,28,5,5
50020311,식량 파밍타워 팀 11,1,2,11123030,31,3,5,11122000,31,2,5,11145030,31,1,5,11112040,31,4,5,11165020,31,5,5
50020312,식량 파밍타워 팀 12,1,2,11123030,34,3,5,11122000,34,2,5,11145030,34,1,5,11112040,34,4,5,11165020,34,5,5
50020313,식량 파밍타워 팀 13,1,2,11123030,37,3,5,11122000,37,2,5,11145030,37,1,5,11112040,37,4,5,11165020,37,5,5
50020314,식량 파밍타워 팀 14,1,2,11123030,40,3,5,11122000,40,2,5,11145030,40,1,5,11112040,40,4,5,11165020,40,5,5
50020315,식량 파밍타워 팀 15,1,2,11123030,43,3,5,11122000,43,2,5,11145030,43,1,5,11112040,43,4,5,11165020,43,5,5
50020316,식량 파밍타워 팀 16,1,2,11123030,46,3,5,11122000,46,2,5,11145030,46,1,5,11112040,46,4,5,11165020,46,5,5
50020317,식량 파밍타워 팀 17,1,2,11123030,49,3,5,11122000,49,2,5,11145030,49,1,5,11112040,49,4,5,11165020,49,5,5
50020318,식량 파밍타워 팀 18,1,2,11123030,52,3,5,11122000,52,2,5,11145030,52,1,5,11112040,52,4,5,11165020,52,5,5
50020319,식량 파밍타워 팀 19,1,2,11123030,55,3,5,11122000,55,2,5,11145030,55,1,5,11112040,55,4,5,11165020,55,5,5
50020320,식량 파밍타워 팀 20,1,2,11123030,58,3,5,11122000,58,2,5,11145030,58,1,5,11112040,58,4,5,11165020,58,5,5
50020321,식량 파밍타워 팀 21,1,2,11123030,61,3,5,11122000,61,2,5,11145030,61,1,5,11112040,61,4,5,11165020,61,5,5
50020322,식량 파밍타워 팀 22,1,2,11123030,64,3,5,11122000,64,2,5,11145030,64,1,5,11112040,64,4,5,11165020,64,5,5
50020323,식량 파밍타워 팀 23,1,2,11123030,67,3,5,11122000,67,2,5,11145030,67,1,5,11112040,67,4,5,11165020,67,5,5
50020324,식량 파밍타워 팀 24,1,2,11123030,70,3,5,11122000,70,2,5,11145030,70,1,5,11112040,70,4,5,11165020,70,5,5
50020325,식량 파밍타워 팀 25,1,2,11123030,73,3,5,11122000,73,2,5,11145030,73,1,5,11112040,73,4,5,11165020,73,5,5
50020326,식량 파밍타워 팀 26,1,2,11123030,76,3,5,11122000,76,2,5,11145030,76,1,5,11112040,76,4,5,11165020,76,5,5
50020327,식량 파밍타워 팀 27,1,2,11123030,79,3,5,11122000,79,2,5,11145030,79,1,5,11112040,79,4,5,11165020,79,5,5
50020328,식량 파밍타워 팀 28,1,2,11123030,82,3,5,11122000,82,2,5,11145030,82,1,5,11112040,82,4,5,11165020,82,5,5
50020329,식량 파밍타워 팀 29,1,2,11123030,85,3,5,11122000,85,2,5,11145030,85,1,5,11112040,85,4,5,11165020,85,5,5
50020330,식량 파밍타워 팀 30,1,2,11123030,100,3,5,11122000,100,2,5,11145030,100,1,5,11112040,100,4,5,11165020,100,5,5
50020401,돌 파밍타워 팀 1,1,2,11112080,1,3,5,11111030,1,2,5,11132000,1,1,5,11145040,1,4,5,11141060,1,5,5
50020402,돌 파밍타워 팀 2,1,2,11112080,4,3,5,11111030,4,2,5,11132000,4,1,5,11145040,4,4,5,11141060,4,5,5
50020403,돌 파밍타워 팀 3,1,2,11112080,7,3,5,11111030,7,2,5,11132000,7,1,5,11145040,7,4,5,11141060,7,5,5
50020404,돌 파밍타워 팀 4,1,2,11112080,10,3,5,11111030,10,2,5,11132000,10,1,5,11145040,10,4,5,11141060,10,5,5
50020405,돌 파밍타워 팀 5,1,2,11112080,13,3,5,11111030,13,2,5,11132000,13,1,5,11145040,13,4,5,11141060,13,5,5
50020406,돌 파밍타워 팀 6,1,2,11112080,16,3,5,11111030,16,2,5,11132000,16,1,5,11145040,16,4,5,11141060,16,5,5
50020407,돌 파밍타워 팀 7,1,2,11112080,19,3,5,11111030,19,2,5,11132000,19,1,5,11145040,19,4,5,11141060,19,5,5
50020408,돌 파밍타워 팀 8,1,2,11112080,22,3,5,11111030,22,2,5,11132000,22,1,5,11145040,22,4,5,11141060,22,5,5
50020409,돌 파밍타워 팀 9,1,2,11112080,25,3,5,11111030,25,2,5,11132000,25,1,5,11145040,25,4,5,11141060,25,5,5
50020410,돌 파밍타워 팀 10,1,2,11112080,28,3,5,11111030,28,2,5,11132000,28,1,5,11145040,28,4,5,11141060,28,5,5
50020411,돌 파밍타워 팀 11,1,2,11112080,31,3,5,11111030,31,2,5,11132000,31,1,5,11145040,31,4,5,11141060,31,5,5
50020412,돌 파밍타워 팀 12,1,2,11112080,34,3,5,11111030,34,2,5,11132000,34,1,5,11145040,34,4,5,11141060,34,5,5
50020413,돌 파밍타워 팀 13,1,2,11112080,37,3,5,11111030,37,2,5,11132000,37,1,5,11145040,37,4,5,11141060,37,5,5
50020414,돌 파밍타워 팀 14,1,2,11112080,40,3,5,11111030,40,2,5,11132000,40,1,5,11145040,40,4,5,11141060,40,5,5
50020415,돌 파밍타워 팀 15,1,2,11112080,43,3,5,11111030,43,2,5,11132000,43,1,5,11145040,43,4,5,11141060,43,5,5
50020416,돌 파밍타워 팀 16,1,2,11112080,46,3,5,11111030,46,2,5,11132000,46,1,5,11145040,46,4,5,11141060,46,5,5
50020417,돌 파밍타워 팀 17,1,2,11112080,49,3,5,11111030,49,2,5,11132000,49,1,5,11145040,49,4,5,11141060,49,5,5
50020418,돌 파밍타워 팀 18,1,2,11112080,52,3,5,11111030,52,2,5,11132000,52,1,5,11145040,52,4,5,11141060,52,5,5
50020419,돌 파밍타워 팀 19,1,2,11112080,55,3,5,11111030,55,2,5,11132000,55,1,5,11145040,55,4,5,11141060,55,5,5
50020420,돌 파밍타워 팀 20,1,2,11112080,58,3,5,11111030,58,2,5,11132000,58,1,5,11145040,58,4,5,11141060,58,5,5
50020421,돌 파밍타워 팀 21,1,2,11112080,61,3,5,11111030,61,2,5,11132000,61,1,5,11145040,61,4,5,11141060,61,5,5
50020422,돌 파밍타워 팀 22,1,2,11112080,64,3,5,11111030,64,2,5,11132000,64,1,5,11145040,64,4,5,11141060,64,5,5
50020423,돌 파밍타워 팀 23,1,2,11112080,67,3,5,11111030,67,2,5,11132000,67,1,5,11145040,67,4,5,11141060,67,5,5
50020424,돌 파밍타워 팀 24,1,2,11112080,70,3,5,11111030,70,2,5,11132000,70,1,5,11145040,70,4,5,11141060,70,5,5
50020425,돌 파밍타워 팀 25,1,2,11112080,73,3,5,11111030,73,2,5,11132000,73,1,5,11145040,73,4,5,11141060,73,5,5
50020426,돌 파밍타워 팀 26,1,2,11112080,76,3,5,11111030,76,2,5,11132000,76,1,5,11145040,76,4,5,11141060,76,5,5
50020427,돌 파밍타워 팀 27,1,2,11112080,79,3,5,11111030,79,2,5,11132000,79,1,5,11145040,79,4,5,11141060,79,5,5
50020428,돌 파밍타워 팀 28,1,2,11112080,82,3,5,11111030,82,2,5,11132000,82,1,5,11145040,82,4,5,11141060,82,5,5
50020429,돌 파밍타워 팀 29,1,2,11112080,85,3,5,11111030,85,2,5,11132000,85,1,5,11145040,85,4,5,11141060,85,5,5
50020430,돌 파밍타워 팀 30,1,2,11112080,100,3,5,11111030,100,2,5,11132000,100,1,5,11145040,100,4,5,11141060,100,5,5
50020501,철 파밍타워 팀 1,1,2,11123000,1,3,5,11113040,1,2,5,11132030,1,1,5,11112060,1,4,5,11123070,1,5,5
50020502,철 파밍타워 팀 2,1,2,11123000,4,3,5,11113040,4,2,5,11132030,4,1,5,11112060,4,4,5,11123070,4,5,5
50020503,철 파밍타워 팀 3,1,2,11123000,7,3,5,11113040,7,2,5,11132030,7,1,5,11112060,7,4,5,11123070,7,5,5
50020504,철 파밍타워 팀 4,1,2,11123000,10,3,5,11113040,10,2,5,11132030,10,1,5,11112060,10,4,5,11123070,10,5,5
50020505,철 파밍타워 팀 5,1,2,11123000,13,3,5,11113040,13,2,5,11132030,13,1,5,11112060,13,4,5,11123070,13,5,5
50020506,철 파밍타워 팀 6,1,2,11123000,16,3,5,11113040,16,2,5,11132030,16,1,5,11112060,16,4,5,11123070,16,5,5
50020507,철 파밍타워 팀 7,1,2,11123000,19,3,5,11113040,19,2,5,11132030,19,1,5,11112060,19,4,5,11123070,19,5,5
50020508,철 파밍타워 팀 8,1,2,11123000,22,3,5,11113040,22,2,5,11132030,22,1,5,11112060,22,4,5,11123070,22,5,5
50020509,철 파밍타워 팀 9,1,2,11123000,25,3,5,11113040,25,2,5,11132030,25,1,5,11112060,25,4,5,11123070,25,5,5
50020510,철 파밍타워 팀 10,1,2,11123000,28,3,5,11113040,28,2,5,11132030,28,1,5,11112060,28,4,5,11123070,28,5,5
50020511,철 파밍타워 팀 11,1,2,11123000,31,3,5,11113040,31,2,5,11132030,31,1,5,11112060,31,4,5,11123070,31,5,5
50020512,철 파밍타워 팀 12,1,2,11123000,34,3,5,11113040,34,2,5,11132030,34,1,5,11112060,34,4,5,11123070,34,5,5
50020513,철 파밍타워 팀 13,1,2,11123000,37,3,5,11113040,37,2,5,11132030,37,1,5,11112060,37,4,5,11123070,37,5,5
50020514,철 파밍타워 팀 14,1,2,11123000,40,3,5,11113040,40,2,5,11132030,40,1,5,11112060,40,4,5,11123070,40,5,5
50020515,철 파밍타워 팀 15,1,2,11123000,43,3,5,11113040,43,2,5,11132030,43,1,5,11112060,43,4,5,11123070,43,5,5
50020516,철 파밍타워 팀 16,1,2,11123000,46,3,5,11113040,46,2,5,11132030,46,1,5,11112060,46,4,5,11123070,46,5,5
50020517,철 파밍타워 팀 17,1,2,11123000,49,3,5,11113040,49,2,5,11132030,49,1,5,11112060,49,4,5,11123070,49,5,5
50020518,철 파밍타워 팀 18,1,2,11123000,52,3,5,11113040,52,2,5,11132030,52,1,5,11112060,52,4,5,11123070,52,5,5
50020519,철 파밍타워 팀 19,1,2,11123000,55,3,5,11113040,55,2,5,11132030,55,1,5,11112060,55,4,5,11123070,55,5,5
50020520,철 파밍타워 팀 20,1,2,11123000,58,3,5,11113040,58,2,5,11132030,58,1,5,11112060,58,4,5,11123070,58,5,5
50020521,철 파밍타워 팀 21,1,2,11123000,61,3,5,11113040,61,2,5,11132030,61,1,5,11112060,61,4,5,11123070,61,5,5
50020522,철 파밍타워 팀 22,1,2,11123000,64,3,5,11113040,64,2,5,11132030,64,1,5,11112060,64,4,5,11123070,64,5,5
50020523,철 파밍타워 팀 23,1,2,11123000,67,3,5,11113040,67,2,5,11132030,67,1,5,11112060,67,4,5,11123070,67,5,5
50020524,철 파밍타워 팀 24,1,2,11123000,70,3,5,11113040,70,2,5,11132030,70,1,5,11112060,70,4,5,11123070,70,5,5
50020525,철 파밍타워 팀 25,1,2,11123000,73,3,5,11113040,73,2,5,11132030,73,1,5,11112060,73,4,5,11123070,73,5,5
50020526,철 파밍타워 팀 26,1,2,11123000,76,3,5,11113040,76,2,5,11132030,76,1,5,11112060,76,4,5,11123070,76,5,5
50020527,철 파밍타워 팀 27,1,2,11123000,79,3,5,11113040,79,2,5,11132030,79,1,5,11112060,79,4,5,11123070,79,5,5
50020528,철 파밍타워 팀 28,1,2,11123000,82,3,5,11113040,82,2,5,11132030,82,1,5,11112060,82,4,5,11123070,82,5,5
50020529,철 파밍타워 팀 29,1,2,11123000,85,3,5,11113040,85,2,5,11132030,85,1,5,11112060,85,4,5,11123070,85,5,5
50020530,철 파밍타워 팀 30,1,2,11123000,100,3,5,11113040,100,2,5,11132030,100,1,5,11112060,100,4,5,11123070,100,5,5
50020601,나무 파밍타워 팀 1,1,2,11123010,1,3,5,11123020,1,2,5,11145020,1,1,5,11155010,1,4,5,11143000,1,5,5
50020602,나무 파밍타워 팀 2,1,2,11123010,4,3,5,11123020,4,2,5,11145020,4,1,5,11155010,4,4,5,11143000,4,5,5
50020603,나무 파밍타워 팀 3,1,2,11123010,7,3,5,11123020,7,2,5,11145020,7,1,5,11155010,7,4,5,11143000,7,5,5
50020604,나무 파밍타워 팀 4,1,2,11123010,10,3,5,11123020,10,2,5,11145020,10,1,5,11155010,10,4,5,11143000,10,5,5
50020605,나무 파밍타워 팀 5,1,2,11123010,13,3,5,11123020,13,2,5,11145020,13,1,5,11155010,13,4,5,11143000,13,5,5
50020606,나무 파밍타워 팀 6,1,2,11123010,16,3,5,11123020,16,2,5,11145020,16,1,5,11155010,16,4,5,11143000,16,5,5
50020607,나무 파밍타워 팀 7,1,2,11123010,19,3,5,11123020,19,2,5,11145020,19,1,5,11155010,19,4,5,11143000,19,5,5
50020608,나무 파밍타워 팀 8,1,2,11123010,22,3,5,11123020,22,2,5,11145020,22,1,5,11155010,22,4,5,11143000,22,5,5
50020609,나무 파밍타워 팀 9,1,2,11123010,25,3,5,11123020,25,2,5,11145020,25,1,5,11155010,25,4,5,11143000,25,5,5
50020610,나무 파밍타워 팀 10,1,2,11123010,28,3,5,11123020,28,2,5,11145020,28,1,5,11155010,28,4,5,11143000,28,5,5
50020611,나무 파밍타워 팀 11,1,2,11123010,31,3,5,11123020,31,2,5,11145020,31,1,5,11155010,31,4,5,11143000,31,5,5
50020612,나무 파밍타워 팀 12,1,2,11123010,34,3,5,11123020,34,2,5,11145020,34,1,5,11155010,34,4,5,11143000,34,5,5
50020613,나무 파밍타워 팀 13,1,2,11123010,37,3,5,11123020,37,2,5,11145020,37,1,5,11155010,37,4,5,11143000,37,5,5
50020614,나무 파밍타워 팀 14,1,2,11123010,40,3,5,11123020,40,2,5,11145020,40,1,5,11155010,40,4,5,11143000,40,5,5
50020615,나무 파밍타워 팀 15,1,2,11123010,43,3,5,11123020,43,2,5,11145020,43,1,5,11155010,43,4,5,11143000,43,5,5
50020616,나무 파밍타워 팀 16,1,2,11123010,46,3,5,11123020,46,2,5,11145020,46,1,5,11155010,46,4,5,11143000,46,5,5
50020617,나무 파밍타워 팀 17,1,2,11123010,49,3,5,11123020,49,2,5,11145020,49,1,5,11155010,49,4,5,11143000,49,5,5
50020618,나무 파밍타워 팀 18,1,2,11123010,52,3,5,11123020,52,2,5,11145020,52,1,5,11155010,52,4,5,11143000,52,5,5
50020619,나무 파밍타워 팀 19,1,2,11123010,55,3,5,11123020,55,2,5,11145020,55,1,5,11155010,55,4,5,11143000,55,5,5
50020620,나무 파밍타워 팀 20,1,2,11123010,58,3,5,11123020,58,2,5,11145020,58,1,5,11155010,58,4,5,11143000,58,5,5
50020621,나무 파밍타워 팀 21,1,2,11123010,61,3,5,11123020,61,2,5,11145020,61,1,5,11155010,61,4,5,11143000,61,5,5
50020622,나무 파밍타워 팀 22,1,2,11123010,64,3,5,11123020,64,2,5,11145020,64,1,5,11155010,64,4,5,11143000,64,5,5
50020623,나무 파밍타워 팀 23,1,2,11123010,67,3,5,11123020,67,2,5,11145020,67,1,5,11155010,67,4,5,11143000,67,5,5
50020624,나무 파밍타워 팀 24,1,2,11123010,70,3,5,11123020,70,2,5,11145020,70,1,5,11155010,70,4,5,11143000,70,5,5
50020625,나무 파밍타워 팀 25,1,2,11123010,73,3,5,11123020,73,2,5,11145020,73,1,5,11155010,73,4,5,11143000,73,5,5
50020626,나무 파밍타워 팀 26,1,2,11123010,76,3,5,11123020,76,2,5,11145020,76,1,5,11155010,76,4,5,11143000,76,5,5
50020627,나무 파밍타워 팀 27,1,2,11123010,79,3,5,11123020,79,2,5,11145020,79,1,5,11155010,79,4,5,11143000,79,5,5
50020628,나무 파밍타워 팀 28,1,2,11123010,82,3,5,11123020,82,2,5,11145020,82,1,5,11155010,82,4,5,11143000,82,5,5
50020629,나무 파밍타워 팀 29,1,2,11123010,85,3,5,11123020,85,2,5,11145020,85,1,5,11155010,85,4,5,11143000,85,5,5
50020630,나무 파밍타워 팀 30,1,2,11123010,100,3,5,11123020,100,2,5,11145020,100,1,5,11155010,100,4,5,11143000,100,5,5
50030101,얼음 기믹 던전 팀 1,1,2,11123000,1,3,5,11113040,1,2,5,11161000,1,1,5,11143020,1,4,5,11131010,1,5,5
50030102,얼음 기믹 던전 팀 2,1,2,11123000,8,3,5,11113040,8,2,5,11161000,8,1,5,11143020,8,4,5,11131010,8,5,5
50030103,얼음 기믹 던전 팀 3,1,2,11123000,15,3,5,11113040,15,2,5,11161000,15,1,5,11143020,15,4,5,11131010,15,5,5
50030104,얼음 기믹 던전 팀 4,1,2,11123000,22,3,5,11113040,22,2,5,11161000,22,1,5,11143020,22,4,5,11131010,22,5,5
50030105,얼음 기믹 던전 팀 5,1,2,11123000,29,3,5,11113040,29,2,5,11161000,29,1,5,11143020,29,4,5,11131010,29,5,5
50030106,얼음 기믹 던전 팀 6,1,2,11123000,36,3,5,11113040,36,2,5,11161000,36,1,5,11143020,36,4,5,11131010,36,5,5
50030107,얼음 기믹 던전 팀 7,1,2,11123000,43,3,5,11113040,43,2,5,11161000,43,1,5,11143020,43,4,5,11131010,43,5,5
50030108,얼음 기믹 던전 팀 8,1,2,11123000,50,3,5,11113040,50,2,5,11161000,50,1,5,11143020,50,4,5,11131010,50,5,5
50030109,얼음 기믹 던전 팀 9,1,2,11123000,57,3,5,11113040,57,2,5,11161000,57,1,5,11143020,57,4,5,11131010,57,5,5
50030110,얼음 기믹 던전 팀 10,1,2,11123000,64,3,5,11113040,64,2,5,11161000,64,1,5,11143020,64,4,5,11131010,64,5,5
50030111,얼음 기믹 던전 팀 11,1,2,11123000,71,3,5,11113040,71,2,5,11161000,71,1,5,11143020,71,4,5,11131010,71,5,5
50030112,얼음 기믹 던전 팀 12,1,2,11123000,78,3,5,11113040,78,2,5,11161000,78,1,5,11143020,78,4,5,11131010,78,5,5
50030113,얼음 기믹 던전 팀 13,1,2,11123000,85,3,5,11113040,85,2,5,11161000,85,1,5,11143020,85,4,5,11131010,85,5,5
50030114,얼음 기믹 던전 팀 14,1,2,11123000,92,3,5,11113040,92,2,5,11161000,92,1,5,11143020,92,4,5,11131010,92,5,5
50030115,얼음 기믹 던전 팀 15,1,2,11123000,99,3,5,11113040,99,2,5,11161000,99,1,5,11143020,99,4,5,11131010,99,5,5
50030201,거미줄 기믹 던전 팀 1,1,2,11113020,1,3,5,11115000,1,2,5,11135040,1,1,5,12143010,1,4,5,11145020,1,5,5
50030202,거미줄 기믹 던전 팀 2,1,2,11113020,8,3,5,11115000,8,2,5,11135040,8,1,5,12143010,8,4,5,11145020,8,5,5
50030203,거미줄 기믹 던전 팀 3,1,2,11113020,15,3,5,11115000,15,2,5,11135040,15,1,5,12143010,15,4,5,11145020,15,5,5
50030204,거미줄 기믹 던전 팀 4,1,2,11113020,22,3,5,11115000,22,2,5,11135040,22,1,5,12143010,22,4,5,11145020,22,5,5
50030205,거미줄 기믹 던전 팀 5,1,2,11113020,29,3,5,11115000,29,2,5,11135040,29,1,5,12143010,29,4,5,11145020,29,5,5
50030206,거미줄 기믹 던전 팀 6,1,2,11113020,36,3,5,11115000,36,2,5,11135040,36,1,5,12143010,36,4,5,11145020,36,5,5
50030207,거미줄 기믹 던전 팀 7,1,2,11113020,43,3,5,11115000,43,2,5,11135040,43,1,5,12143010,43,4,5,11145020,43,5,5
50030208,거미줄 기믹 던전 팀 8,1,2,11113020,50,3,5,11115000,50,2,5,11135040,50,1,5,12143010,50,4,5,11145020,50,5,5
50030209,거미줄 기믹 던전 팀 9,1,2,11113020,57,3,5,11115000,57,2,5,11135040,57,1,5,12143010,57,4,5,11145020,57,5,5
50030210,거미줄 기믹 던전 팀 10,1,2,11113020,64,3,5,11115000,64,2,5,11135040,64,1,5,12143010,64,4,5,11145020,64,5,5
50030211,거미줄 기믹 던전 팀 11,1,2,11113020,71,3,5,11115000,71,2,5,11135040,71,1,5,12143010,71,4,5,11145020,71,5,5
50030212,거미줄 기믹 던전 팀 12,1,2,11113020,78,3,5,11115000,78,2,5,11135040,78,1,5,12143010,78,4,5,11145020,78,5,5
50030213,거미줄 기믹 던전 팀 13,1,2,11113020,85,3,5,11115000,85,2,5,11135040,85,1,5,12143010,85,4,5,11145020,85,5,5
50030214,거미줄 기믹 던전 팀 14,1,2,11113020,92,3,5,11115000,92,2,5,11135040,92,1,5,12143010,92,4,5,11145020,92,5,5
50030215,거미줄 기믹 던전 팀 15,1,2,11113020,99,3,5,11115000,99,2,5,11135040,99,1,5,12143010,99,4,5,11145020,99,5,5
50030301,독 기믹 던전 팀 1,1,2,11123070,1,3,5,11123030,1,2,5,11132030,1,1,5,11111020,1,4,5,11162030,1,5,5
50030302,독 기믹 던전 팀 2,1,2,11123070,8,3,5,11123030,8,2,5,11132030,8,1,5,11111020,8,4,5,11162030,8,5,5
50030303,독 기믹 던전 팀 3,1,2,11123070,15,3,5,11123030,15,2,5,11132030,15,1,5,11111020,15,4,5,11162030,15,5,5
50030304,독 기믹 던전 팀 4,1,2,11123070,22,3,5,11123030,22,2,5,11132030,22,1,5,11111020,22,4,5,11162030,22,5,5
50030305,독 기믹 던전 팀 5,1,2,11123070,29,3,5,11123030,29,2,5,11132030,29,1,5,11111020,29,4,5,11162030,29,5,5
50030306,독 기믹 던전 팀 6,1,2,11123070,36,3,5,11123030,36,2,5,11132030,36,1,5,11111020,36,4,5,11162030,36,5,5
50030307,독 기믹 던전 팀 7,1,2,11123070,43,3,5,11123030,43,2,5,11132030,43,1,5,11111020,43,4,5,11162030,43,5,5
50030308,독 기믹 던전 팀 8,1,2,11123070,50,3,5,11123030,50,2,5,11132030,50,1,5,11111020,50,4,5,11162030,50,5,5
50030309,독 기믹 던전 팀 9,1,2,11123070,57,3,5,11123030,57,2,5,11132030,57,1,5,11111020,57,4,5,11162030,57,5,5
50030310,독 기믹 던전 팀 10,1,2,11123070,64,3,5,11123030,64,2,5,11132030,64,1,5,11111020,64,4,5,11162030,64,5,5
50030311,독 기믹 던전 팀 11,1,2,11123070,71,3,5,11123030,71,2,5,11132030,71,1,5,11111020,71,4,5,11162030,71,5,5
50030312,독 기믹 던전 팀 12,1,2,11123070,78,3,5,11123030,78,2,5,11132030,78,1,5,11111020,78,4,5,11162030,78,5,5
50030313,독 기믹 던전 팀 13,1,2,11123070,85,3,5,11123030,85,2,5,11132030,85,1,5,11111020,85,4,5,11162030,85,5,5
50030314,독 기믹 던전 팀 14,1,2,11123070,92,3,5,11123030,92,2,5,11132030,92,1,5,11111020,92,4,5,11162030,92,5,5
50030315,독 기믹 던전 팀 15,1,2,11123070,99,3,5,11123030,99,2,5,11132030,99,1,5,11111020,99,4,5,11162030,99,5,5
50040001,참여횟수제한 던전 팀 1,1,2,11112030,1,3,5,11111030,1,2,5,11131010,1,1,5,11145040,1,4,5,11145030,1,5,5
50040002,참여횟수제한 던전 팀 2,1,2,11112030,8,3,5,11111030,8,2,5,11131010,8,1,5,11145040,8,4,5,11145030,8,5,5
50040003,참여횟수제한 던전 팀 3,1,2,11112030,15,3,5,11111030,15,2,5,11131010,15,1,5,11145040,15,4,5,11145030,15,5,5
50040004,참여횟수제한 던전 팀 4,1,2,11112030,22,3,5,11111030,22,2,5,11131010,22,1,5,11145040,22,4,5,11145030,22,5,5
50040005,참여횟수제한 던전 팀 5,1,2,11112030,29,3,5,11111030,29,2,5,11131010,29,1,5,11145040,29,4,5,11145030,29,5,5
50040006,참여횟수제한 던전 팀 6,1,2,11112030,36,3,5,11111030,36,2,5,11131010,36,1,5,11145040,36,4,5,11145030,36,5,5
50040007,참여횟수제한 던전 팀 7,1,2,11112030,43,3,5,11111030,43,2,5,11131010,43,1,5,11145040,43,4,5,11145030,43,5,5
50040008,참여횟수제한 던전 팀 8,1,2,11112030,50,3,5,11111030,50,2,5,11131010,50,1,5,11145040,50,4,5,11145030,50,5,5
50040009,참여횟수제한 던전 팀 9,1,2,11112030,57,3,5,11111030,57,2,5,11131010,57,1,5,11145040,57,4,5,11145030,57,5,5
50040010,참여횟수제한 던전 팀 10,1,2,11112030,64,3,5,11111030,64,2,5,11131010,64,1,5,11145040,64,4,5,11145030,64,5,5
50040011,참여횟수제한 던전 팀 11,1,2,11112030,71,3,5,11111030,71,2,5,11131010,71,1,5,11145040,71,4,5,11145030,71,5,5
50040012,참여횟수제한 던전 팀 12,1,2,11112030,78,3,5,11111030,78,2,5,11131010,78,1,5,11145040,78,4,5,11145030,78,5,5
50040013,참여횟수제한 던전 팀 13,1,2,11112030,85,3,5,11111030,85,2,5,11131010,85,1,5,11145040,85,4,5,11145030,85,5,5
50040014,참여횟수제한 던전 팀 14,1,2,11112030,92,3,5,11111030,92,2,5,11131010,92,1,5,11145040,92,4,5,11145030,92,5,5
50040015,참여횟수제한 던전 팀 15,1,2,11112030,99,3,5,11111030,99,2,5,11131010,99,1,5,11145040,99,4,5,11145030,99,5,5
50050001,입장 제한 던전 팀 1,1,2,11112030,1,3,5,11111030,1,2,5,11131010,1,1,5,11145040,1,4,5,11145030,1,5,5
50050002,입장 제한 던전 팀 2,1,2,11112030,8,3,5,11111030,8,2,5,11131010,8,1,5,11145040,8,4,5,11145030,8,5,5
50050003,입장 제한 던전 팀 3,1,2,11112030,15,3,5,11111030,15,2,5,11131010,15,1,5,11145040,15,4,5,11145030,15,5,5
50050004,입장 제한 던전 팀 4,1,2,11112030,22,3,5,11111030,22,2,5,11131010,22,1,5,11145040,22,4,5,11145030,22,5,5
50050005,입장 제한 던전 팀 5,1,2,11112030,29,3,5,11111030,29,2,5,11131010,29,1,5,11145040,29,4,5,11145030,29,5,5
50050006,입장 제한 던전 팀 6,1,2,11112030,36,3,5,11111030,36,2,5,11131010,36,1,5,11145040,36,4,5,11145030,36,5,5
50050007,입장 제한 던전 팀 7,1,2,11112030,43,3,5,11111030,43,2,5,11131010,43,1,5,11145040,43,4,5,11145030,43,5,5
50050008,입장 제한 던전 팀 8,1,2,11112030,50,3,5,11111030,50,2,5,11131010,50,1,5,11145040,50,4,5,11145030,50,5,5
50050009,입장 제한 던전 팀 9,1,2,11112030,57,3,5,11111030,57,2,5,11131010,57,1,5,11145040,57,4,5,11145030,57,5,5
50050010,입장 제한 던전 팀 10,1,2,11112030,64,3,5,11111030,64,2,5,11131010,64,1,5,11145040,64,4,5,11145030,64,5,5
50050011,입장 제한 던전 팀 11,1,2,11112030,71,3,5,11111030,71,2,5,11131010,71,1,5,11145040,71,4,5,11145030,71,5,5
50050012,입장 제한 던전 팀 12,1,2,11112030,78,3,5,11111030,78,2,5,11131010,78,1,5,11145040,78,4,5,11145030,78,5,5
50050013,입장 제한 던전 팀 13,1,2,11112030,85,3,5,11111030,85,2,5,11131010,85,1,5,11145040,85,4,5,11145030,85,5,5
50050014,입장 제한 던전 팀 14,1,2,11112030,92,3,5,11111030,92,2,5,11131010,92,1,5,11145040,92,4,5,11145030,92,5,5
50050015,입장 제한 던전 팀 15,1,2,11112030,99,3,5,11111030,99,2,5,11131010,99,1,5,11145040,99,4,5,11145030,99,5,5
50000000,아레나_NPC,1,2,11120010,1,5,5,11150010,1,4,5,11130040,1,1,5,11140060,1,2,5,11110050,1,3,5
50000001,아레나_유저_1,1,1,0,0,5,5,0,0,4,5,0,0,1,5,0,0,2,5,0,0,3,5
50000002,아레나_유저_2,1,2,0,0,5,5,0,0,4,5,0,0,1,5,0,0,2,5,0,0,3,5
50000003,아레나_유저_3,1,3,0,0,5,5,0,0,4,5,0,0,1,5,0,0,2,5,0,0,3,5
50000004,아레나_유저_4,1,4,0,0,5,5,0,0,4,5,0,0,1,5,0,0,2,5,0,0,3,5
50000005,아레나_유저_5,1,5,0,0,5,5,0,0,4,5,0,0,1,5,0,0,2,5,0,0,3,5
50060001,무한의 탑 1층,1,40,11123010,1,1,4,11123010,1,2,4,11145020,1,3,4,11155010,1,4,4,0,0,0,0
50060002,무한의 탑 2층,1,41,11123020,2,1,4,11123020,2,2,4,11155010,2,3,4,11145020,2,4,4,0,0,0,0
50060003,무한의 탑 3층,1,40,11123010,3,1,4,11123020,3,2,4,11143000,3,3,4,11143000,3,4,4,0,0,0,0
50060004,무한의 탑 4층,1,41,11123020,4,1,4,11123010,4,2,4,11145020,4,3,4,11143000,4,4,4,0,0,0,0
50060005,무한의 탑 5층,1,10,12112000,5,1,3,11143000,5,2,3,11145020,5,3,3,0,0,0,0,0,0,0,0
50060006,무한의 탑 6층,1,40,11115000,6,1,4,11113020,6,2,4,11132000,6,3,4,11141060,6,4,4,0,0,0,0
50060007,무한의 탑 7층,1,40,11113020,7,1,4,11115000,7,2,4,11135040,7,3,4,11132000,7,4,4,0,0,0,0
50060008,무한의 탑 8층,1,41,11113020,8,1,4,11113020,8,2,4,11141060,8,3,4,11135040,8,4,4,0,0,0,0
50060009,무한의 탑 9층,1,41,11115000,9,1,4,11115000,9,2,4,11162030,9,3,4,11162030,9,4,4,0,0,0,0
50060010,무한의 탑 10층,1,10,12115010,10,1,3,11135040,10,2,3,11135040,10,3,3,0,0,0,0,0,0,0,0
50060011,무한의 탑 11층,1,41,11112010,11,1,4,11112030,11,2,4,11131010,11,3,4,11131010,11,4,4,0,0,0,0
50060012,무한의 탑 12층,1,41,11112030,12,1,4,11112010,12,2,4,11144000,12,3,4,11144000,12,4,4,0,0,0,0
50060013,무한의 탑 13층,1,40,11112010,13,1,4,11112010,13,2,4,11131010,13,3,4,11144000,13,4,4,0,0,0,0
50060014,무한의 탑 14층,1,40,11112030,14,1,4,11112030,14,2,4,11144000,14,3,4,11131010,14,4,4,0,0,0,0
50060015,무한의 탑 15층,1,10,12113010,15,1,3,11131010,15,2,3,11131010,15,3,3,0,0,0,0,0,0,0,0
50060016,무한의 탑 16층,1,41,11121000,16,1,4,11112050,16,2,4,11135010,16,3,4,11145050,16,4,4,0,0,0,0
50060017,무한의 탑 17층,1,40,11112050,17,1,4,11121000,17,2,4,11144000,17,3,4,11163010,17,4,4,0,0,0,0
50060018,무한의 탑 18층,1,41,11113030,18,1,4,11113030,18,2,4,11145050,18,3,4,11143000,18,4,4,0,0,0,0
50060019,무한의 탑 19층,1,40,11113030,19,1,4,11121000,19,2,4,11135010,19,3,4,11135010,19,4,4,0,0,0,0
50060020,무한의 탑 20층,1,10,12135000,20,1,3,11121000,20,2,3,11121000,20,3,3,0,0,0,0,0,0,0,0
50060021,무한의 탑 21층,1,41,11123030,21,1,4,11112040,21,2,4,11123070,21,3,4,11141060,21,4,4,0,0,0,0
50060022,무한의 탑 22층,1,41,11122000,22,1,4,11123030,22,2,4,11143000,22,3,4,11131010,22,4,4,0,0,0,0
50060023,무한의 탑 23층,1,41,11112040,23,1,4,11122000,23,2,4,11145050,23,3,4,11132000,23,4,4,0,0,0,0
50060024,무한의 탑 24층,1,40,11123030,24,1,4,11112040,24,2,4,11132000,24,3,4,11123070,24,4,4,0,0,0,0
50060025,무한의 탑 25층,1,11,11115010,25,1,3,11115010,25,2,3,12125010,25,3,3,0,0,0,0,0,0,0,0
50060026,무한의 탑 26층,1,40,11115010,26,1,4,11115010,26,2,4,11112060,26,3,4,11123070,26,4,4,0,0,0,0
50060027,무한의 탑 27층,1,40,11123000,27,1,4,11113040,27,2,4,11132030,27,3,4,11135010,27,4,4,0,0,0,0
50060028,무한의 탑 28층,1,40,11113040,28,1,4,11115010,28,2,4,11123070,28,3,4,11112060,28,4,4,0,0,0,0
50060029,무한의 탑 29층,1,41,11123000,29,1,4,11123000,29,2,4,11132030,29,3,4,11123070,29,4,4,0,0,0,0
50060030,무한의 탑 30층,1,11,11115010,30,1,3,11113040,30,2,3,12133000,30,3,3,0,0,0,0,0,0,0,0
50060031,무한의 탑 31층,1,40,11113020,31,1,4,11112040,31,2,4,11141010,31,3,4,11141010,31,4,4,0,0,0,0
50060032,무한의 탑 32층,1,40,11121010,32,1,4,11115000,32,2,4,11143020,32,3,4,11141010,32,4,4,0,0,0,0
50060033,무한의 탑 33층,1,40,11123020,33,1,4,11113020,33,2,4,11145050,33,3,4,11143020,33,4,4,0,0,0,0
50060034,무한의 탑 34층,1,40,11115000,34,1,4,11112040,34,2,4,11143020,34,3,4,11131010,34,4,4,0,0,0,0
50060035,무한의 탑 35층,1,10,12111000,35,1,3,12143010,35,2,3,12143010,35,3,3,0,0,0,0,0,0,0,0
50060036,무한의 탑 36층,1,41,11123010,36,1,4,11123030,36,2,4,11141060,36,3,4,11123070,36,4,4,0,0,0,0
50060037,무한의 탑 37층,1,41,11123020,37,1,4,11122000,37,2,4,11131010,37,3,4,11143020,37,4,4,0,0,0,0
50060038,무한의 탑 38층,1,41,11123020,38,1,4,11112040,38,2,4,11143000,38,3,4,11145050,38,4,4,0,0,0,0
50060039,무한의 탑 39층,1,41,11123010,39,1,4,11123030,39,2,4,11143000,39,3,4,11155010,39,4,4,0,0,0,0
50060040,무한의 탑 40층,1,11,11112050,40,1,3,11112040,40,2,3,12134000,40,3,3,0,0,0,0,0,0,0,0
50060041,무한의 탑 41층,1,40,11115010,41,1,4,11115000,41,2,4,11141060,41,3,4,11145050,41,4,4,0,0,0,0
50060042,무한의 탑 42층,1,41,11123000,42,1,4,11113020,42,2,4,11144000,42,3,4,11145050,42,4,4,0,0,0,0
50060043,무한의 탑 43층,1,41,11113040,43,1,4,11113020,43,2,4,11145050,43,3,4,11143000,43,4,4,0,0,0,0
50060044,무한의 탑 44층,1,40,11123000,44,1,4,11115000,44,2,4,11135040,44,3,4,11141010,44,4,4,0,0,0,0
50060045,무한의 탑 45층,1,11,11115010,45,1,3,11115010,45,2,3,13135000,45,3,3,0,0,0,0,0,0,0,0
50060046,무한의 탑 46층,1,41,11123030,46,1,4,11112050,46,2,4,11141060,46,3,4,11143020,46,4,4,0,0,0,0
50060047,무한의 탑 47층,1,40,11112010,47,1,4,11113030,47,2,4,11132000,47,3,4,11143020,47,4,4,0,0,0,0
50060048,무한의 탑 48층,1,40,11112030,48,1,4,11113040,48,2,4,11145050,48,3,4,11145050,48,4,4,0,0,0,0
50060049,무한의 탑 49층,1,41,11123020,49,1,4,11123000,49,2,4,11135010,49,3,4,11131010,49,4,4,0,0,0,0
50060050,무한의 탑 50층,1,10,12111010,50,1,3,11132000,50,2,3,11135040,50,3,3,0,0,0,0,0,0,0,0
50060051,무한의 탑 51층,1,40,11112010,51,1,4,11112030,51,2,4,11131010,51,3,4,11131010,51,4,4,0,0,0,0
50060052,무한의 탑 52층,1,41,11112030,52,1,4,11112010,52,2,4,11144000,52,3,4,11144000,52,4,4,0,0,0,0
50060053,무한의 탑 53층,1,40,11112010,53,1,4,11112010,53,2,4,11131010,53,3,4,11144000,53,4,4,0,0,0,0
50060054,무한의 탑 54층,1,41,11112030,54,1,4,11112030,54,2,4,11144000,54,3,4,11131010,54,4,4,0,0,0,0
50060055,무한의 탑 55층,1,10,13113000,55,1,3,11144000,55,2,3,11131010,55,3,3,0,0,0,0,0,0,0,0
50060056,무한의 탑 56층,1,40,11113020,56,1,4,11112040,56,2,4,11141010,56,3,4,11141010,56,4,4,0,0,0,0
50060057,무한의 탑 57층,1,40,11121010,57,1,4,11115000,57,2,4,11143020,57,3,4,11141010,57,4,4,0,0,0,0
50060058,무한의 탑 58층,1,41,11123020,58,1,4,11113020,58,2,4,11145050,58,3,4,11143020,58,4,4,0,0,0,0
50060059,무한의 탑 59층,1,41,11115000,59,1,4,11112040,59,2,4,11143020,59,3,4,11131010,59,4,4,0,0,0,0
50060060,무한의 탑 60층,1,11,11113020,60,1,3,11123000,60,2,3,12113000,60,3,3,0,0,0,0,0,0,0,0
50060061,무한의 탑 61층,1,41,11123030,61,1,4,11112040,61,2,4,11123070,61,3,4,11141060,61,4,4,0,0,0,0
50060062,무한의 탑 62층,1,41,11122000,62,1,4,11123030,62,2,4,11143000,62,3,4,11131010,62,4,4,0,0,0,0
50060063,무한의 탑 63층,1,40,11112040,63,1,4,11122000,63,2,4,11145050,63,3,4,11132000,63,4,4,0,0,0,0
50060064,무한의 탑 64층,1,40,11123030,64,1,4,11112040,64,2,4,11132000,64,3,4,11123070,64,4,4,0,0,0,0
50060065,무한의 탑 65층,1,10,12113000,65,1,3,11143020,65,2,3,11131010,65,3,3,0,0,0,0,0,0,0,0
50060066,무한의 탑 66층,1,41,11123030,66,1,4,11112040,66,2,4,11123070,66,3,4,11141060,66,4,4,0,0,0,0
50060067,무한의 탑 67층,1,40,11122000,67,1,4,11123030,67,2,4,11143000,67,3,4,11131010,67,4,4,0,0,0,0
50060068,무한의 탑 68층,1,41,11112040,68,1,4,11122000,68,2,4,11145050,68,3,4,11132000,68,4,4,0,0,0,0
50060069,무한의 탑 69층,1,40,11123030,69,1,4,11112040,69,2,4,11132000,69,3,4,11123070,69,4,4,0,0,0,0
50060070,무한의 탑 70층,1,10,12141000,70,1,3,11141010,70,2,3,11143000,70,3,3,0,0,0,0,0,0,0,0
50060071,무한의 탑 71층,1,41,11112050,71,1,4,11121000,71,2,4,11144000,71,3,4,11144000,71,4,4,0,0,0,0
50060072,무한의 탑 72층,1,41,11113030,72,1,4,11113030,72,2,4,11141060,72,3,4,11145050,72,4,4,0,0,0,0
50060073,무한의 탑 73층,1,41,11112010,73,1,4,11113030,73,2,4,11144000,73,3,4,11145050,73,4,4,0,0,0,0
50060074,무한의 탑 74층,1,40,11112030,74,1,4,11113040,74,2,4,11145050,74,3,4,11143000,74,4,4,0,0,0,0
50060075,무한의 탑 75층,1,10,12113010,75,1,3,11113030,75,2,3,11155010,75,3,3,0,0,0,0,0,0,0,0
50060076,무한의 탑 76층,1,40,11123030,76,1,4,11112050,76,2,4,11141060,76,3,4,11143020,76,4,4,0,0,0,0
50060077,무한의 탑 77층,1,40,11112010,77,1,4,11113030,77,2,4,11132000,77,3,4,11143020,77,4,4,0,0,0,0
50060078,무한의 탑 78층,1,40,11112030,78,1,4,11113040,78,2,4,11145050,78,3,4,11145050,78,4,4,0,0,0,0
50060079,무한의 탑 79층,1,41,11123020,79,1,4,11123000,79,2,4,11135010,79,3,4,11131010,79,4,4,0,0,0,0
50060080,무한의 탑 80층,1,11,11115000,80,1,3,11123030,80,2,3,12165020,80,3,3,0,0,0,0,0,0,0,0
50060081,무한의 탑 81층,1,40,11115000,81,1,4,11113020,81,2,4,11132000,81,3,4,11141060,81,4,4,0,0,0,0
50060082,무한의 탑 82층,1,40,11113020,82,1,4,11115000,82,2,4,11135040,82,3,4,11132000,82,4,4,0,0,0,0
50060083,무한의 탑 83층,1,40,11113020,83,1,4,11113020,83,2,4,11141060,83,3,4,11135040,83,4,4,0,0,0,0
50060084,무한의 탑 84층,1,40,11115000,84,1,4,11115000,84,2,4,11162030,84,3,4,11162030,84,4,4,0,0,0,0
50060085,무한의 탑 85층,1,10,12112000,85,1,3,11141010,85,2,3,11113020,85,3,3,0,0,0,0,0,0,0,0
50060086,무한의 탑 86층,1,41,11123010,86,1,4,11123010,86,2,4,11145020,86,3,4,11155010,86,4,4,0,0,0,0
50060087,무한의 탑 87층,1,41,11123020,87,1,4,11123020,87,2,4,11155010,87,3,4,11145020,87,4,4,0,0,0,0
50060088,무한의 탑 88층,1,41,11123010,88,1,4,11123020,88,2,4,11143000,88,3,4,11143000,88,4,4,0,0,0,0
50060089,무한의 탑 89층,1,41,11123020,89,1,4,11123010,89,2,4,11145020,89,3,4,11143000,89,4,4,0,0,0,0
50060090,무한의 탑 90층,1,11,11112010,90,1,3,11123000,90,2,3,13133010,90,3,3,0,0,0,0,0,0,0,0
50060091,무한의 탑 91층,1,40,11121000,91,1,4,11112050,91,2,4,11135010,91,3,4,11145050,91,4,4,0,0,0,0
50060092,무한의 탑 92층,1,41,11112050,92,1,4,11121000,92,2,4,11144000,92,3,4,11163010,92,4,4,0,0,0,0
50060093,무한의 탑 93층,1,41,11113030,93,1,4,11113030,93,2,4,11145050,93,3,4,11143000,93,4,4,0,0,0,0
50060094,무한의 탑 94층,1,40,11113030,94,1,4,11121000,94,2,4,11135010,94,3,4,11135010,94,4,4,0,0,0,0
50060095,무한의 탑 95층,1,10,12123020,95,1,3,11144000,95,2,3,11112060,95,3,3,0,0,0,0,0,0,0,0
50060096,무한의 탑 96층,1,41,11112010,96,1,4,11112030,96,2,4,11131010,96,3,4,11131010,96,4,4,0,0,0,0
50060097,무한의 탑 97층,1,40,11112030,97,1,4,11112010,97,2,4,11144000,97,3,4,11144000,97,4,4,0,0,0,0
50060098,무한의 탑 98층,1,40,11112010,98,1,4,11112010,98,2,4,11131010,98,3,4,11144000,98,4,4,0,0,0,0
50060099,무한의 탑 99층,1,41,11112030,99,1,4,11112030,99,2,4,11144000,99,3,4,11131010,99,4,4,0,0,0,0
50060100,무한의 탑 100층,1,10,12134000,100,1,3,11144000,100,2,3,11143000,100,3,3,0,0,0,0,0,0,0,0
51000110,로던 1층 D1 일반 1,1,31,11133020,15,1,3,11133020,15,2,3,11113070,15,3,3,0,0,0,0,0,0,0,0
51000111,로던 1층 D1 일반 2,1,30,11121020,15,1,3,11113070,15,2,3,11113070,15,3,3,0,0,0,0,0,0,0,0
51000112,로던 1층 D1 일반 3,1,30,11123010,15,3,3,11145020,15,2,3,11143000,15,1,3,0,0,0,0,0,0,0,0
51000113,로던 1층 D1 일반 4,1,31,11123010,15,1,3,11123020,15,2,3,11155010,15,3,3,0,0,0,0,0,0,0,0
51000114,로던 1층 D1 일반 5,1,30,11123030,15,1,3,11165020,15,2,3,11145030,15,3,3,0,0,0,0,0,0,0,0
51000115,로던 1층 D1 일반 6,1,31,11112040,15,1,3,11122000,15,2,3,11145030,15,3,3,0,0,0,0,0,0,0,0
51000116,로던 1층 D1 일반 7,1,30,11115010,15,1,3,11165020,15,2,3,11165020,15,3,3,0,0,0,0,0,0,0,0
51000117,로던 1층 D1 일반 8,1,31,11121000,15,1,3,11113030,15,2,3,11135010,15,3,3,0,0,0,0,0,0,0,0
51000118,로던 1층 D1 일반 9,1,31,11112050,15,1,3,11112050,15,2,3,11163010,15,3,3,0,0,0,0,0,0,0,0
51000119,로던 1층 D1 일반 10,1,31,11121000,15,1,3,11121000,15,2,3,11145050,15,3,3,0,0,0,0,0,0,0,0
51000120,로던 1층 D1 엘리트 1,2,10,13113000,15,3,3,11135010,15,1,3,11135010,15,2,3,0,0,0,0,0,0,0,0
51000121,로던 1층 D1 엘리트 2,2,10,12113000,15,3,3,11163010,15,1,3,11145050,15,2,3,0,0,0,0,0,0,0,0
51000122,로던 1층 D1 엘리트 3,2,10,13133010,15,3,3,11143020,15,2,3,11143020,15,1,3,0,0,0,0,0,0,0,0
51000123,로던 1층 D1 엘리트 4,2,10,12135000,15,3,3,11145040,15,2,3,11145040,15,1,3,0,0,0,0,0,0,0,0
51000130,로던 1층 D1 보스,3,101,13141020,15,1,2,0,0,0,0,0,0,0,0,0,0,0,0,0,0,0,0
51000210,로던 2층 D1 일반 1,1,31,11115010,15,1,3,11111020,15,2,3,11161000,15,3,3,0,0,0,0,0,0,0,0
51000211,로던 2층 D1 일반 2,1,30,11112030,15,1,3,11112060,15,2,3,11145030,15,3,3,0,0,0,0,0,0,0,0
51000212,로던 2층 D1 일반 3,1,31,11123070,15,1,3,11112050,15,2,3,11145020,15,3,3,0,0,0,0,0,0,0,0
51000213,로던 2층 D1 일반 4,1,30,11112050,15,1,3,11113040,15,2,3,11135010,15,3,3,0,0,0,0,0,0,0,0
51000214,로던 2층 D1 일반 5,1,31,11121000,15,1,3,11122000,15,2,3,11141060,15,3,3,0,0,0,0,0,0,0,0
51000215,로던 2층 D1 일반 6,1,41,11111030,15,1,4,11113010,15,2,4,11145040,15,3,4,11145040,15,4,4,0,0,0,0
51000216,로던 2층 D1 일반 7,1,40,11111030,15,1,4,11113040,15,2,4,11112050,15,3,4,11145020,15,4,4,0,0,0,0
51000217,로던 2층 D1 일반 8,1,41,11112060,15,1,4,11113070,15,2,4,11145050,15,3,4,11165020,15,4,4,0,0,0,0
51000218,로던 2층 D1 일반 9,1,40,11123010,15,1,4,11123020,15,2,4,11141060,15,3,4,11145030,15,4,4,0,0,0,0
51000219,로던 2층 D1 일반 10,1,42,11123020,15,1,4,11123010,15,2,4,11145020,15,3,4,11163010,15,4,4,0,0,0,0
51000220,로던 2층 D1 엘리트 1,2,10,12141000,15,3,3,11112060,15,1,3,11112060,15,2,3,0,0,0,0,0,0,0,0
51000221,로던 2층 D1 엘리트 2,2,12,12112020,15,3,3,11132030,15,1,3,11132030,15,2,3,0,0,0,0,0,0,0,0
51000222,로던 2층 D1 엘리트 3,2,103,11145040,15,1,3,11145040,15,2,3,12133000,15,3,3,0,0,0,0,0,0,0,0
51000230,로던 2층 D1 보스,3,101,13144010,15,1,2,0,0,0,0,0,0,0,0,0,0,0,0,0,0,0,0
51001110,로던 1층 D2 일반 1,1,31,11133020,30,1,3,11133020,30,2,3,11113070,30,3,3,0,0,0,0,0,0,0,0
51001111,로던 1층 D2 일반 2,1,30,11121020,30,1,3,11113070,30,2,3,11113070,30,3,3,0,0,0,0,0,0,0,0
51001112,로던 1층 D2 일반 3,1,30,11123010,30,3,3,11145020,30,2,3,11143000,30,1,3,0,0,0,0,0,0,0,0
51001113,로던 1층 D2 일반 4,1,31,11123010,30,1,3,11123020,30,2,3,11155010,30,3,3,0,0,0,0,0,0,0,0
51001114,로던 1층 D2 일반 5,1,30,11123030,30,1,3,11165020,30,2,3,11145030,30,3,3,0,0,0,0,0,0,0,0
51001115,로던 1층 D2 일반 6,1,31,11112040,30,1,3,11122000,30,2,3,11145030,30,3,3,0,0,0,0,0,0,0,0
51001116,로던 1층 D2 일반 7,1,30,11115010,30,1,3,11165020,30,2,3,11165020,30,3,3,0,0,0,0,0,0,0,0
51001117,로던 1층 D2 일반 8,1,31,11121000,30,1,3,11113030,30,2,3,11135010,30,3,3,0,0,0,0,0,0,0,0
51001118,로던 1층 D2 일반 9,1,31,11112050,30,1,3,11112050,30,2,3,11163010,30,3,3,0,0,0,0,0,0,0,0
51001119,로던 1층 D2 일반 10,1,31,11121000,30,1,3,11121000,30,2,3,11145050,30,3,3,0,0,0,0,0,0,0,0
51001120,로던 1층 D2 엘리트 1,2,10,12123020,30,3,3,11143000,30,1,3,11145020,30,2,3,0,0,0,0,0,0,0,0
51001121,로던 1층 D2 엘리트 2,2,10,12113000,30,3,3,11163010,30,1,3,11145050,30,2,3,0,0,0,0,0,0,0,0
51001122,로던 1층 D2 엘리트 3,2,103,11145040,30,1,3,11145040,30,2,3,12133000,30,3,3,0,0,0,0,0,0,0,0
51001123,로던 1층 D2 엘리트 4,2,10,12112000,30,1,3,11132000,30,2,3,11132000,30,3,3,0,0,0,0,0,0,0,0
51001130,로던 1층 D2 보스,3,101,13141020,30,1,2,0,0,0,0,0,0,0,0,0,0,0,0,0,0,0,0
51001210,로던 2층 D2 일반 1,1,31,11113070,30,1,3,11121000,30,2,3,11135010,30,3,3,0,0,0,0,0,0,0,0
51001211,로던 2층 D2 일반 2,1,31,11112050,30,1,3,11112050,30,2,3,11163010,30,3,3,0,0,0,0,0,0,0,0
51001212,로던 2층 D2 일반 3,1,31,11121000,30,1,3,11121000,30,2,3,11145050,30,3,3,0,0,0,0,0,0,0,0
51001213,로던 2층 D2 일반 4,1,30,11112060,30,3,3,11113040,30,1,3,11145020,30,2,3,0,0,0,0,0,0,0,0
51001214,로던 2층 D2 일반 5,1,30,11112050,30,3,3,11145020,30,1,3,11145050,30,2,3,0,0,0,0,0,0,0,0
51001215,로던 2층 D2 일반 6,1,30,11123000,30,1,3,11132030,30,2,3,11132030,30,3,3,0,0,0,0,0,0,0,0
51001216,로던 2층 D2 일반 7,1,30,11113040,30,1,3,11112060,30,2,3,11112060,30,3,3,0,0,0,0,0,0,0,0
51001217,로던 2층 D2 일반 8,1,31,11123070,30,1,3,11123070,30,2,3,11132030,30,3,3,0,0,0,0,0,0,0,0
51001218,로던 2층 D2 일반 9,1,30,11121020,30,1,3,11113070,30,2,3,11113070,30,3,3,0,0,0,0,0,0,0,0
51001219,로던 2층 D2 일반 10,1,30,11123010,30,3,3,11121000,30,2,3,11143000,30,1,3,0,0,0,0,0,0,0,0
51001220,로던 2층 D2 엘리트 1,2,10,12141000,30,3,3,11112060,30,1,3,11112060,30,2,3,0,0,0,0,0,0,0,0
51001221,로던 2층 D2 엘리트 2,2,12,12112020,30,3,3,11132030,30,1,3,11132030,30,2,3,0,0,0,0,0,0,0,0
51001222,로던 2층 D2 엘리트 3,2,103,11145040,30,1,3,11145040,30,2,3,12133000,30,3,3,0,0,0,0,0,0,0,0
51001230,로던 2층 D2 보스,3,101,12165000,30,1,2,0,0,0,0,0,0,0,0,0,0,0,0,0,0,0,0
51002110,로던 1층 D3 일반 1,1,31,11115010,60,1,3,11111020,60,2,3,11161000,60,3,3,0,0,0,0,0,0,0,0
51002111,로던 1층 D3 일반 2,1,30,11112030,60,1,3,11112060,60,2,3,11145030,60,3,3,0,0,0,0,0,0,0,0
51002112,로던 1층 D3 일반 3,1,31,11123070,60,1,3,11112050,60,2,3,11145020,60,3,3,0,0,0,0,0,0,0,0
51002113,로던 1층 D3 일반 4,1,30,11112050,60,1,3,11113040,60,2,3,11135010,60,3,3,0,0,0,0,0,0,0,0
51002114,로던 1층 D3 일반 5,1,31,11121000,60,1,3,11122000,60,2,3,11141060,60,3,3,0,0,0,0,0,0,0,0
51002115,로던 1층 D3 일반 6,1,41,11111030,60,1,4,11113010,60,2,4,11145040,60,3,4,11145040,60,4,4,0,0,0,0
51002116,로던 1층 D3 일반 7,1,40,11111030,60,1,4,11113040,60,2,4,11112050,60,3,4,11145020,60,4,4,0,0,0,0
51002117,로던 1층 D3 일반 8,1,41,11112060,60,1,4,11113070,60,2,4,11145050,60,3,4,11165020,60,4,4,0,0,0,0
51002118,로던 1층 D3 일반 9,1,40,11123010,60,1,4,11123020,60,2,4,11141060,60,3,4,11145030,60,4,4,0,0,0,0
51002119,로던 1층 D3 일반 10,1,42,11123020,60,1,4,11123010,60,2,4,11145020,60,3,4,11163010,60,4,4,0,0,0,0
51002120,로던 1층 D3 엘리트 1,2,10,13113000,60,3,3,11135010,60,1,3,11135010,60,2,3,0,0,0,0,0,0,0,0
51002121,로던 1층 D3 엘리트 2,2,10,12113000,60,3,3,11163010,60,1,3,11145050,60,2,3,0,0,0,0,0,0,0,0
51002122,로던 1층 D3 엘리트 3,2,10,13133010,60,3,3,11143020,60,2,3,11143020,60,1,3,0,0,0,0,0,0,0,0
51002123,로던 1층 D3 엘리트 4,2,10,12135000,60,3,3,11145040,60,2,3,11145040,60,1,3,0,0,0,0,0,0,0,0
51002130,로던 1층 D3 보스,3,101,13141000,60,1,2,0,0,0,0,0,0,0,0,0,0,0,0,0,0,0,0
51002210,로던 2층 D3 일반 1,1,40,11121020,60,1,4,11113070,60,2,4,11113070,60,3,4,11145020,60,4,4,0,0,0,0
51002211,로던 2층 D3 일반 2,1,41,11123030,60,1,4,11111030,60,2,4,11155010,60,3,4,11141060,60,4,4,0,0,0,0
51002212,로던 2층 D3 일반 3,1,41,11112040,60,1,4,11111030,60,2,4,11145030,60,3,4,11132000,60,4,4,0,0,0,0
51002213,로던 2층 D3 일반 4,1,40,11115010,60,1,4,11112060,60,2,4,11145030,60,3,4,11112060,60,4,4,0,0,0,0
51002214,로던 2층 D3 일반 5,1,40,11121000,60,1,4,11112010,60,2,4,11141060,60,3,4,11132030,60,4,4,0,0,0,0
51002215,로던 2층 D3 일반 6,1,41,11112050,60,1,4,11112030,60,2,4,11132000,60,3,4,11113070,60,4,4,0,0,0,0
51002216,로던 2층 D3 일반 7,1,41,11113040,60,1,4,11112010,60,2,4,11131010,60,3,4,11132030,60,4,4,0,0,0,0
51002217,로던 2층 D3 일반 8,1,40,11112060,60,1,4,11112030,60,2,4,11143010,60,3,4,11112060,60,4,4,0,0,0,0
51002218,로던 2층 D3 일반 9,1,40,11112080,60,1,4,11123070,60,2,4,11145030,60,3,4,11132030,60,4,4,0,0,0,0
51002219,로던 2층 D3 일반 10,1,41,11113030,60,1,4,11112050,60,2,4,11165020,60,3,4,0,0,4,4,0,0,0,0
51002220,로던 2층 D3 엘리트 1,2,10,12115010,60,1,3,11162030,60,2,3,11135040,60,3,3,0,0,0,0,0,0,0,0
51002221,로던 2층 D3 엘리트 2,2,103,11131010,60,1,3,11131010,60,2,3,12113010,60,3,3,0,0,0,0,0,0,0,0
51002222,로던 2층 D3 엘리트 3,2,103,11113020,60,1,3,11113020,60,2,3,12134000,60,3,3,0,0,0,0,0,0,0,0
51002230,로던 2층 D3 보스,3,101,13113010,60,1,2,0,0,0,0,0,0,0,0,0,0,0,0,0,0,0,0